Sum,Days,Color
22.072345,36.758307,1
37.936710000000005,55.78481,1
21.083576,47.319176,1
31.12067,54.40678,1
43.71155,42.557729,1
44.16993,72.02477999999999,2
41.66578,44.892855,1
24.693684,52.342169999999996,1
39.21191,38.878634,1
24.230391,35.558464,1
29.12713,63.605720000000005,1
20.4075031,55.29705,1
27.314846,43.309312,1
16.561597,27.97473,1
37.63935,36.787655,1
24.415292,62.81555,1
31.94122,48.122487,1
20.7258532,41.806819,1
28.185273000000002,68.1326,1
14.226413,41.0248,1
38.76943,64.16946,1
27.752016,36.665009,1
30.61132,68.44378,1
22.02165,35.312878,1
25.145525,51.186,1
26.24331,59.47716,1
8.29329,48.073185,1
27.255978,54.63704,1
23.392373,41.220712,1
44.2999,80.42887,2
24.094005,46.944695,1
31.80358,37.554664,1
20.09228785,33.348965,1
48.50607,30.908167,1
43.40831,47.931438,1
30.56305,52.54468,1
40.14157,51.11789,1
18.128735,48.608850000000004,1
49.302369999999996,54.02176,1
38.65383,57.216719999999995,1
17.027812,46.370999,1
30.32313,52.11574,1
36.90539,38.644956,1
26.753709999999998,52.027969999999996,1
43.94777,53.35047,1
26.883513,46.188563,1
18.758458,50.08179,1
40.508269999999996,38.42113,1
16.24317,41.60851,1
37.9176,53.09896,1
22.002537,39.343476,1
30.7768,55.5336,1
44.158190000000005,45.330366,1
20.3268727,47.288787,1
41.64777,54.00506,1
26.871417,61.519980000000004,1
35.14264,45.111947,1
31.54712,44.75756,1
20.6611676,29.85737,1
6.33469,56.93903,1
44.909369999999996,29.17962,1
15.46978,33.826233,1
23.163677,48.051481,1
21.495172,32.738399,1
27.097637,42.105751,1
23.509483,64.58487,1
32.99879,64.91248,1
20.3593824,46.387915,1
34.35429,37.747579,1
23.831208,37.999127,1
51.40462,66.77208999999999,2
14.498903,53.39128,1
18.95524,45.955898,1
24.409013,49.323681,1
22.917201,56.53999,1
27.265954,50.64794,1
30.32038,53.36857,1
29.352130000000002,50.42427,1
26.648532,51.07535,1
18.077694,44.888493,1
27.22604,53.02948,1
28.327288,48.540999,1
37.69046,61.59555,1
36.583529999999996,58.16115,1
32.35425,71.96708,1
22.471138,45.482760999999996,1
38.4925,69.42421,1
30.1196,47.162078,1
40.40245,43.943319,1
32.71589,44.531656,1
44.35859,35.9356,1
41.743120000000005,55.90887,1
32.27208,30.387884,1
38.29681,62.38563,1
23.530957,48.673297,1
25.026042,76.03766999999999,1
19.1366991,32.413751,1
46.83892,53.13713,1
39.11999,47.209715,1
19.1158363,67.15254,1
14.808471,69.65612,1
29.796095,55.43598,1
31.66314,50.634280000000004,1
29.925199,66.80364,1
53.90998,55.02652,1
29.57004,49.2481,1
3.7347,53.90024,1
35.10579,43.350049,1
15.813496,47.96441,1
32.548159999999996,72.51867,1
12.266531,49.634491,1
38.91337,55.7414,1
18.949978,35.996545,1
13.105235,41.041802,1
43.050309999999996,27.23066,1
45.96073,51.44522,1
27.950795,46.811407,1
16.330483,35.670304,1
30.522660000000002,63.3561,1
46.29452,50.51806,1
32.42904,63.15663,1
20.1170239,64.65274,1
18.959977,41.629857,1
31.162660000000002,49.0201,1
33.61452,40.8832188,1
28.028045,54.829660000000004,1
40.40253,62.047200000000004,1
28.818027999999998,58.90424,1
19.6836847,61.406009999999995,1
27.190193,49.13962,1
19.5288526,31.709049999999998,1
36.6546,38.480111,1
30.517110000000002,34.981408,1
37.96306,54.46713,1
18.684465,51.6027,1
25.113728000000002,43.961434,1
52.25842,37.287298,1
9.40906,55.40292,1
41.60892,57.75002,1
31.311439999999997,41.031762,1
31.30595,43.068958,1
35.51137,48.943091,1
35.37201,58.17922,1
23.77755,53.33419,1
37.27989,53.97798,1
16.650266,66.6599,1
35.72571,46.373983,1
45.50999,55.15837,1
36.68281,58.95937,1
15.265305999999999,64.09568,1
45.08795,59.69376,1
27.038364,50.6667,1
24.521214,33.364696,1
26.454509,53.66272,1
25.322541,62.3855,1
20.6316529,59.79414,1
14.330867999999999,51.32511,1
29.843806,35.304501,1
35.39168,54.14527,1
21.289581,50.09948,1
37.10334,46.207793,1
37.132729999999995,46.609228,1
29.70176,52.33497,1
38.80351,36.839241,1
26.084780000000002,44.689186,1
13.974808,66.61258000000001,1
24.237603,47.315439,1
36.82231,48.13356,1
15.231171,68.65819,1
20.5061416,44.946298,1
32.57349,50.41494,1
36.35374,46.874306,1
20.1009744,42.590253,1
33.675560000000004,27.27041,1
22.477362,48.42026,1
34.99279,55.16393,1
49.717110000000005,55.62874,1
37.48491,43.3823,1
33.45815,35.86236,1
22.2072,38.445506,1
43.051339999999996,64.39491,1
52.74222,65.56641,2
35.56297,64.94262,1
28.132651,48.998712,1
20.4580866,30.108756,1
10.835706,45.029294,1
16.968291,60.23346,1
32.12393,55.103,1
39.95281,69.14982,1
33.00477,67.23093,1
30.4399,65.7741,1
20.351724,52.2222,1
30.37312,46.863773,1
37.95419,44.455694,1
41.06292,43.607867,1
26.069686,49.325338,1
34.00808,51.5225,1
18.222208,54.62108,1
20.7525703,32.618162,1
17.670453000000002,45.070321,1
21.77457,46.278572,1
30.69576,56.305710000000005,1
38.111509999999996,74.12422000000001,1
20.2417766,67.04643,1
19.5797645,44.105829,1
35.414249999999996,54.78257,1
28.463556,63.048950000000005,1
32.03072,57.41157,1
38.68731,46.949079,1
26.369355,45.700326,1
41.82924,45.564074,1
27.61541,34.975623,1
25.823252,58.402789999999996,1
42.35203,48.526174,1
26.434616,61.169740000000004,1
20.5560946,35.133924,1
26.737062,28.2669,1
18.607323,54.64543,1
24.935136,64.86809,1
40.35508,66.98124,1
28.624667000000002,50.67174,1
36.31749,51.64083,1
29.014875,54.42246,1
37.598330000000004,66.66023,1
22.636649,64.04782,1
33.82606,56.27159,1
30.39783,43.804893,1
13.72641,43.878999,1
8.11943,40.1788024,1
41.02048,49.690716,1
38.25632,56.94127,1
44.96351,38.841785,1
30.136960000000002,46.446662,1
23.509066,56.554140000000004,1
22.409921,39.6554812,1
36.0843,47.562616,1
25.987025,47.456533,1
32.63902,54.350809999999996,1
27.392535,62.61304,1
30.372120000000002,38.74173,1
0.9820899999999995,40.6507304,1
23.030817,44.580993,1
54.0303,36.283577,1
14.156524000000001,53.79137,1
56.95611,38.754731,1
19.811591,38.13347,1
37.282849999999996,41.558553,1
28.9204,69.19454999999999,1
14.126444,46.456733,1
37.76259,64.02293,1
32.494820000000004,62.47067,1
32.6087,43.212588,1
23.606599,54.24789,1
40.483419999999995,53.74531,1
51.6423,53.04685,1
24.745898,47.317133,1
14.704522,46.001008,1
27.238307,59.98631,1
26.144599,59.910340000000005,1
29.837835,48.336385,1
38.646950000000004,45.146764,1
19.4361372,49.673975999999996,1
25.21368,61.83143,1
19.8006122,49.176207,1
42.428309999999996,48.390862,1
39.395610000000005,32.587176,1
51.284279999999995,44.131464,1
28.380888,40.2647594,1
27.840690000000002,53.20062,1
43.85992,46.171501,1
26.188661,64.92638,1
38.083870000000005,59.74208,1
34.230959999999996,52.43815,1
34.4807,48.661634,1
50.91987,57.57755,1
24.117051,43.299065,1
38.100719999999995,49.572447,1
16.222981,41.115207,1
38.47156,48.861407,1
50.69195,61.9132,1
21.838687,53.176500000000004,1
34.22135,56.96163,1
47.70961,50.52575,1
29.956135,47.890054,1
31.7273,54.00086,1
22.154482,54.163470000000004,1
19.7879566,41.330881,1
18.261017,56.984899999999996,1
22.299075000000002,39.7065742,1
42.011489999999995,39.5530536,1
24.275241,56.673829999999995,1
39.389430000000004,44.436821,1
28.80722,53.23823,1
19.234182099999998,35.995188999999996,1
32.69128,53.52916,1
32.73131,47.050802,1
28.388222,63.453469999999996,1
43.427080000000004,44.598641,1
24.046104,47.634935999999996,1
27.667025,43.193633,1
42.60801,45.13032,1
34.74391,68.76733,1
40.53201,48.01565,1
36.46037,56.81531,1
32.70669,51.48214,1
18.525941,43.329562,1
55.04961,54.4484,1
22.529177,55.56721,1
48.9961,24.42166,1
30.578780000000002,46.307686000000004,1
25.52815,54.124269999999996,1
32.48016,42.728922,1
38.10028,43.891689,1
31.17125,51.10063,1
34.58538,65.99213,1
47.21567,38.019363,1
18.59729,62.3755,1
5.331289999999999,49.792318,1
48.25157,54.28507,1
22.688756,43.029997,1
29.58344,52.00506,1
23.65772,41.649871,1
23.575705,54.80241,1
54.62557,44.384648,1
56.12292,52.05849,1
32.56065,35.266961,1
57.48364,74.12808,2
21.915274,62.28056,1
38.14029,43.569117,1
18.785019,36.681416,1
27.646434,69.92259,1
17.155491,53.71118,1
34.62733,56.493300000000005,1
19.6257305,55.064949999999996,1
30.15795,53.33612,1
39.4574,51.29307,1
13.76356,49.581524,1
20.2870638,46.756246,1
27.025387000000002,48.299628999999996,1
26.205405,69.41931,1
32.37304,44.152157,1
11.998036,55.62843,1
29.879504,53.94365,1
32.83222,60.98375,1
30.71142,58.59333,1
30.09704,49.915216,1
37.89963,46.451302,1
13.279314,54.99367,1
23.712734,47.361372,1
3.7760500000000015,57.81785,1
28.71418,64.10122,1
37.05254,45.227864,1
5.3082899999999995,71.79987,1
27.943416,50.268029999999996,1
34.00498,61.54721,1
18.697129,42.063343,1
19.2375228,47.001412,1
41.546260000000004,61.13478,1
21.232726,52.78234,1
21.602791,42.210584,1
13.320656,52.61919,1
13.10746,42.942795,1
32.32427,62.68294,1
41.024680000000004,66.13788,1
26.443124,36.015052,1
42.39199,53.58907,1
38.065979999999996,42.753522,1
28.136961,62.73404,1
33.14208,64.21235,1
31.51451,55.92228,1
17.494395,55.307410000000004,1
23.29959,53.248400000000004,1
15.204781,41.21583,1
49.084779999999995,50.30137,1
25.12492,44.627426,1
37.06078,49.965354,1
19.659175,51.85959,1
35.295320000000004,49.07695,1
26.39995,63.04672,1
34.52243,57.69336,1
48.85673,44.007334,1
30.77192,45.787269,1
27.428645,55.77705,1
13.362349,54.04711,1
37.08812,48.223101,1
35.07757,26.31057,1
-2.152149999999999,49.511638,1
25.04531,41.784843,1
17.478208,32.39617,1
52.85505,40.3210041,1
26.070759,45.579687,1
23.508814,36.261671,1
29.818843,42.407706,1
31.933529999999998,58.78467,1
22.850058,35.68511,1
25.20408,46.957638,1
33.56349,49.160740000000004,1
22.631175,45.677225,1
26.517994,39.025691,1
35.80081,59.64233,1
34.07388,38.422948,1
16.111612,40.4062882,1
38.69151,50.06134,1
41.0912,66.45951,1
22.459292,46.838326,1
26.513192,39.2756683,1
44.3063,54.39751,1
33.945589999999996,40.7581209,1
17.335293,33.63052,1
28.106246,40.4920085,1
37.073170000000005,65.84198,1
26.049433,62.92962,1
43.94025,67.27981,1
12.598692,36.444192,1
22.926755,62.416979999999995,1
17.225689,18.63932,1
16.905376,56.603750000000005,1
35.663380000000004,58.608180000000004,1
42.3694,60.29701,1
19.015987,63.2461,1
48.63485,44.79718,1
41.88014,52.667410000000004,1
16.378494,44.750143,1
32.52111,48.464079999999996,1
-2.495989999999999,40.1392916,1
37.33361,43.268888,1
13.115988999999999,38.175095,1
30.21154,64.45211,1
32.148089999999996,52.06576,1
18.075133,39.8638656,1
41.601870000000005,50.23303,1
35.66342,53.89372,1
35.0212,49.187742,1
33.60186,56.88655,1
24.554105,77.17632,1
32.56063,47.900061,1
8.46536,51.63952,1
44.58798,41.860825,1
11.618091,54.35407,1
13.885735,47.363373,1
14.80139,52.78676,1
41.17985,50.36981,1
26.734994999999998,63.19933,1
30.19698,55.431110000000004,1
32.04076,57.23649,1
45.86829,42.396404,1
14.664956,47.578044,1
29.824227999999998,46.06933,1
34.24967,67.39350999999999,1
25.553391,53.30626,1
29.224884,37.297277,1
36.72743,55.95237,1
33.19714,54.47518,1
33.47672,35.876126,1
26.28349,51.55091,1
35.386179999999996,31.773808000000002,1
30.96815,49.922543,1
34.3925,43.203174,1
42.91966,60.66688,1
32.9942,55.3486,1
44.38812,58.26395,1
10.532168,40.6434593,1
14.011053,62.67049,1
18.233381,58.508179999999996,1
17.002791000000002,55.36209,1
17.019414,54.54187,1
39.185249999999996,52.05587,1
38.62052,33.651225,1
24.541831000000002,43.586799,1
22.029832,75.52395,1
38.08133,46.853875,1
36.55184,69.25978,1
40.81487,40.2041338,1
24.773241,51.55061,1
37.54123,64.48917,1
31.232,67.95659,1
39.88413,43.37349,1
16.488171,46.03616,1
39.83789,45.660164,1
41.5811,42.308901,1
32.77548,51.26171,1
16.359614,31.388883999999997,1
42.1939,53.67507,1
44.52809,43.520373,1
17.944318,59.063500000000005,1
42.10497,50.32231,1
31.01341,65.31103999999999,1
39.34416,57.96907,1
16.988652000000002,62.65403,1
24.864152,38.75388,1
7.066190000000001,44.052313,1
16.774957999999998,42.066012,1
47.516310000000004,49.72616,1
35.95689,40.2902336,1
25.763955,58.514030000000005,1
44.531130000000005,63.72683,1
32.13776,38.758299,1
13.257724,50.8888,1
21.712732,54.68423,1
24.114345,63.43694,1
44.57423,57.20925,1
32.091480000000004,37.938174000000004,1
26.380095,59.50401,1
35.4881,61.719080000000005,1
23.572731,36.921851000000004,1
46.35669,60.472120000000004,1
34.784710000000004,63.34586,1
18.720721,40.9330042,1
20.01129247,48.008012,1
25.984768,41.961941,1
28.858572000000002,57.18472,1
39.376490000000004,42.122504,1
29.10579,59.51155,1
29.643453,46.241649,1
16.890826,58.91863,1
30.541,36.605046,1
24.573325,51.78297,1
42.986760000000004,50.073589999999996,1
9.22039,54.08271,1
25.63292,58.08959,1
25.782557,52.32168,1
47.1903,50.58244,1
28.92082,70.34188,1
18.218953,50.98773,1
19.2725004,32.120787,1
43.33998,56.66643,1
36.005849999999995,41.374964,1
42.97108,55.7172,1
28.993785000000003,30.985422,1
28.249774000000002,37.320224,1
25.368688,52.60516,1
45.45515,62.22258,1
36.10149,51.38547,1
45.9423,45.396589,1
33.96851,63.8073,1
21.059773,42.482886,1
31.19896,67.34923,1
30.01848,52.379,1
14.035983,54.30957,1
34.69272,53.94027,1
25.162226,36.050812,1
36.13654,42.491281,1
11.572513,57.28569,1
37.460260000000005,63.529849999999996,1
24.839787,42.035094,1
44.78075,48.787683,1
23.28531,37.295694,1
21.317184,53.35289,1
25.000647,53.50562,1
17.097283,42.24029,1
32.860820000000004,52.72926,1
26.369858,51.56653,1
25.91316,64.22981,1
15.901243000000001,34.991651,1
19.2374055,58.5798,1
35.58506,51.27319,1
25.403196,51.22043,1
18.875333,71.28172,1
26.120589,50.16824,1
26.07585,71.16029,1
11.600091,48.830895,1
56.17882,17.8224,0
22.199297,52.84548,1
28.845364,61.62596,1
5.818960000000001,41.871214,1
54.64086,51.64993,1
19.2303305,48.42469,1
13.875530000000001,63.054649999999995,1
5.34858,50.9695,1
31.58703,54.49658,1
20.8204501,50.62322,1
48.5049,50.30336,1
11.63216,44.386019,1
52.45148,47.488423,1
26.733567999999998,58.124970000000005,1
30.64451,56.76856,1
23.219324,59.57019,1
30.74578,67.00378,1
24.207717,42.851358,1
33.87413,53.78015,1
9.68038,55.46054,1
31.65267,41.74313,1
45.78439,42.961885,1
32.487629999999996,58.156279999999995,1
27.276056,54.08258,1
29.188285999999998,58.24487,1
27.066136,57.03944,1
22.462034,47.644942,1
32.10048,55.32802,1
19.468801,53.14534,1
30.19152,45.414252,1
28.348390000000002,57.09359,1
12.590696000000001,55.4642,1
35.99423,53.512879999999996,1
13.391135,39.0606926,1
33.86558,46.094001,1
44.64994,46.494246000000004,1
40.51858,57.595079999999996,1
31.26143,42.013683,1
25.034868,47.499159,1
21.19408,63.50754,1
33.19178,52.76363,1
29.728273,51.807159999999996,1
33.9332,55.7472,1
38.43648,52.18253,1
32.60749,72.6225,1
26.429051,41.972634,1
32.33216,25.26042,1
37.02514,48.819268,1
59.89024,63.99687,2
40.989329999999995,57.296350000000004,1
31.65338,34.342413,1
35.09138,65.02662000000001,1
31.227069999999998,31.924869,1
30.76558,35.011575,1
23.910868,58.41193,1
29.769555,55.26871,1
32.98944,45.868339,1
35.62113,46.474136,1
30.13399,37.500204,1
21.27228,46.644602,1
48.93972,42.331538,1
9.49486,60.750969999999995,1
20.2242924,62.1642,1
43.209779999999995,51.40963,1
37.61025,41.974165,1
27.379559999999998,34.462853,1
30.10124,45.680655,1
38.15361,49.892188000000004,1
41.83601,66.09115,1
39.94091,54.921459999999996,1
18.524865,48.28278,1
12.056968999999999,36.169781,1
31.30458,48.819062,1
40.7643,46.118451,1
32.46828,47.275093,1
36.64017,41.672324,1
8.54534,47.741682,1
27.891755,31.809167000000002,1
25.29503,64.11116,1
26.695052,60.870400000000004,1
25.536268,55.65921,1
18.213853,58.38471,1
30.10925,59.378119999999996,1
32.36446,65.65443,1
44.260760000000005,46.211672,1
17.086626,39.4654366,1
39.304860000000005,54.990809999999996,1
12.865917,34.68144,1
26.658127999999998,39.1792874,1
33.56779,43.181591,1
29.165157,52.44468,1
36.57652,59.44045,1
33.040350000000004,65.82305,1
32.10189,32.395617,1
23.820956,47.389069,1
30.485889999999998,51.97492,1
35.89318,57.60414,1
24.465372000000002,58.83929,1
26.583345,65.99912,1
16.342434,48.821053,1
29.940545999999998,27.792569999999998,1
48.13562,32.328182,1
27.351463,43.724133,1
45.14936,44.756451,1
13.652476,51.700469999999996,1
28.469816,41.854826,1
35.9227,61.05449,1
33.16243,62.88495,1
26.611629999999998,47.602462,1
34.55212,38.533484,1
25.984364,42.761451,1
17.009253,58.67975,1
30.477629999999998,53.9604,1
35.70686,43.711452,1
51.10299,43.897385,1
19.7317152,54.07392,1
35.77137,43.525233,1
15.038026,67.05419,1
30.78593,42.022093,1
38.067099999999996,71.1079,1
27.007196999999998,56.15708,1
25.324583,56.39802,1
45.69982,43.056635,1
40.72,63.589259999999996,1
22.090151,49.11213,1
34.57106,33.009145000000004,1
35.511430000000004,34.445771,1
45.34928,65.96264,1
17.476284,46.682418,1
19.7553294,39.2728091,1
16.212773,42.679384999999996,1
24.146919,53.84954,1
23.629787,35.87713,1
47.083259999999996,59.22561,1
29.194675,58.396699999999996,1
32.34312,42.642345,1
27.808154000000002,44.437537,1
31.60988,47.291999,1
25.989497,48.107,1
24.259952,49.585876999999996,1
36.388459999999995,56.90853,1
25.568457000000002,47.260552,1
42.8137,47.456842,1
34.04878,55.9274,1
23.027084,47.60309,1
38.737939999999995,40.02478778,1
48.05616,71.56779,2
19.6036362,36.895036,1
18.800374,52.69042,1
20.7270734,42.26189,1
47.09159,55.82479,1
28.936564,44.499611,1
38.233450000000005,55.64262,1
19.570782,42.211028999999996,1
35.6607,59.98972,1
34.23374,55.76271,1
25.829822,50.34468,1
24.230915,41.735521,1
32.19179,55.03855,1
25.103175,43.64185,1
27.08866,46.2657,1
20.01341287,54.393950000000004,1
36.07051,52.18371,1
51.602900000000005,48.55297,1
5.05273,56.596900000000005,1
58.0434,42.138592,1
44.30645,47.067761,1
49.12768,45.911166,1
22.734299,49.551941,1
25.490974,55.109880000000004,1
45.769459999999995,43.324707000000004,1
35.67774,68.04655,1
47.45951,44.004603,1
26.71577,57.91905,1
24.453012,44.265516,1
41.77856,52.28597,1
32.709,52.25582,1
26.460027,42.503197,1
11.792214,67.72910999999999,1
29.914433000000002,54.1201,1
34.48534,44.178134,1
35.60438,41.94312,1
18.190632,49.662800000000004,1
36.426950000000005,36.828573,1
26.084253,50.33377,1
28.627294,37.69257,1
34.28665,43.929615,1
8.45468,19.98112,1
25.575772,50.67374,1
17.462941999999998,50.25853,1
40.090509999999995,49.33872,1
11.14765,53.48051,1
24.209417000000002,57.801069999999996,1
30.579439999999998,53.80524,1
21.86462,51.39824,1
30.84852,58.48534,1
19.2296641,64.88074,1
34.36989,50.341499999999996,1
21.489437,35.80369,1
46.44959,43.562471,1
15.733211,43.653826,1
28.976836,58.40393,1
40.77485,53.18247,1
47.63714,59.13911,1
36.29336,48.550992,1
36.87829,54.83276,1
36.82551,49.976617,1
25.165351,46.9856,1
70.97437,59.26007,0
19.8783163,54.11777,1
11.967835,51.65195,1
19.2288092,49.478467,1
27.822278,44.63563,1
17.457307,71.29946,1
32.41543,50.05657,1
30.44706,46.147121,1
30.027659999999997,55.330330000000004,1
35.528980000000004,45.241399,1
29.747574999999998,51.99029,1
39.98159,54.5416,1
38.36432,35.40622,1
33.22721,47.873434,1
19.4431231,46.233604,1
27.476011,56.64447,1
17.458939,56.414519999999996,1
34.30498,51.84888,1
23.967357,60.728750000000005,1
20.2271643,69.08483,1
31.57322,54.5351,1
22.318770999999998,59.858689999999996,1
21.748142,50.93859,1
37.78253,44.558752,1
15.709775,44.425945999999996,1
36.531040000000004,44.671925,1
27.546088,50.27894,1
33.152029999999996,48.540096,1
20.5304746,58.33461,1
41.358850000000004,67.10033,1
19.472502,57.29681,1
32.945859999999996,52.23683,1
40.56008,39.4722567,1
20.369141,35.091409999999996,1
30.88581,37.915115,1
21.047853,54.6625,1
37.28469,41.17794,1
28.224514,58.21265,1
38.79663,41.558912,1
22.294629,51.46264,1
33.16382,55.70806,1
31.96874,62.318439999999995,1
38.1468,41.836594,1
26.30985,50.4237,1
32.49809,53.02343,1
26.254294,68.35686,1
40.57987,59.25847,1
19.324134,46.132365,1
17.47098,69.84877,1
22.531129,71.62439,1
36.988839999999996,54.57923,1
22.599834,60.39453,1
26.326382,40.826507,1
33.8971,47.50579,1
14.506513,59.43579,1
41.96003,64.61082,1
27.303667,42.841022,1
42.35765,41.493998,1
22.104918,45.705926,1
46.184619999999995,30.37333,1
40.80766,50.34603,1
30.57028,74.39865,1
12.119437,53.95659,1
26.534681,56.05914,1
26.421189,62.4082,1
22.536329,42.955975,1
37.029430000000005,69.76823999999999,1
19.5137659,52.23679,1
21.188364,48.102704,1
16.093043,45.578883,1
25.441873,45.874897,1
38.660129999999995,35.529118,1
33.33514,43.557717,1
44.12527,58.52547,1
32.98691,57.43439,1
33.35877,49.173119,1
33.41857,39.92380875,1
25.224356,62.719930000000005,1
30.34212,56.271029999999996,1
19.6306296,51.25666,1
32.91639,71.99352999999999,1
20.9090181,64.91848999999999,1
18.590728,49.203924,1
15.634023,56.91661,1
30.25595,62.35262,1
32.43669,50.23768,1
18.829544,55.72802,1
13.770399000000001,63.02026,1
29.663633,65.29418,1
29.051270000000002,52.58227,1
20.8767106,60.08131,1
24.492933999999998,56.61764,1
35.530789999999996,50.37215,1
20.789848,62.08501,1
35.88278,50.702600000000004,1
35.65385,41.855822,1
27.006049,41.034778,1
38.060410000000005,39.5900141,1
39.50145,62.846720000000005,1
34.34475,39.4463672,1
26.584492,64.95815,1
20.721706,56.4536,1
28.034841999999998,49.826132,1
42.07318,50.31959,1
28.20879,56.10261,1
19.3459715,47.41859,1
53.90343,43.274898,1
35.55832,53.55292,1
27.387878,55.86786,1
25.051225,56.534369999999996,1
25.229687,58.391760000000005,1
29.339954,49.981995,1
34.02917,42.41937,1
23.084545,70.35293,1
10.977766,43.566726,1
28.187902,50.07435,1
24.389926,50.11696,1
37.49107,49.631412,1
45.941919999999996,46.535813,1
34.06103,42.905847,1
24.658055,34.235235,1
39.84404,59.12729,1
35.56143,49.62353,1
27.178256,54.85566,1
42.642269999999996,44.81697,1
12.195712,38.888415,1
14.881094000000001,47.387376,1
26.152764,54.22517,1
28.551857,64.93599,1
23.134369,33.367633,1
18.835107,58.863060000000004,1
68.1905,96.00667,2
68.32863,116.0944,2
51.44145,102.66712,2
57.60916,104.75492,2
72.68576999999999,111.53609,2
68.723,123.29384,2
51.855180000000004,99.35437999999999,2
75.55333999999999,97.31956,2
49.06337,89.34992,2
70.45302000000001,118.01416,2
53.5429,91.27797000000001,2
65.11086,86.34557000000001,2
63.73054,107.13846,2
75.90229,84.41355,2
55.51136,103.02239,2
56.66438,100.00177,2
59.22292,82.76795,2
45.763580000000005,112.0769,2
62.31278,106.04035,2
66.66542,98.45405,2
77.76221000000001,90.79996,2
73.64062,93.19439,2
75.59307,112.58209,2
54.6382,102.93818,2
88.81378,89.40914000000001,2
58.22668,95.08212,2
62.41835,113.77797,2
64.42384,92.04990000000001,2
52.44594,92.46474,2
63.85302,89.00594000000001,2
72.93561,91.52707000000001,2
66.05927,110.18995,2
64.43308999999999,98.9645,2
73.3247,106.99565,2
74.93487999999999,92.0303,2
64.00335,100.1725,2
58.54234,93.11563000000001,2
46.89144,100.17693,2
47.227419999999995,87.07473,2
44.60301,98.44653,2
65.18391,109.45772,2
55.58807,113.17408,2
48.12908,84.06282999999999,2
59.83815,88.70388,2
60.05444,119.05227,2
74.45572,89.34488,2
78.99002999999999,99.51809,2
67.31255,87.80124,2
66.05767,110.08161,2
71.1862,100.57783,2
78.01157,102.87727000000001,2
51.05124,101.88555,2
52.63545,83.24568,2
79.21907,115.16453,2
60.6654,121.79757,2
55.82676,107.83398,2
69.35519,115.29319,2
77.81302,95.61863,2
56.07083,91.26997,2
53.88886,88.83694,2
58.75301,108.91596,2
64.30184,93.37654,2
63.40867,102.64090999999999,2
56.25078,86.24887,2
55.66046,80.16179,2
64.18860000000001,114.18132,2
62.35297,108.86938,2
79.72761,111.64868,2
61.7742,114.69192,2
59.48583,98.30032,2
66.18587,89.02519000000001,2
52.8916,90.17133,2
51.035309999999996,112.2532,2
67.2611,107.1427,2
63.63065,103.04766000000001,2
63.20379,97.58694,2
54.45682,94.82336000000001,2
56.08501,108.00059,2
75.93224000000001,103.07733999999999,2
50.010130000000004,107.8034,2
60.17444,90.23319000000001,2
60.51248,101.16069,2
64.84228,99.17143,2
64.95826,105.09772,2
69.34734,92.56688,2
44.18327,103.48712,2
61.57294,88.41452000000001,2
56.97141,105.02328,2
59.83944,89.22476,2
59.42764,86.07249,2
53.85577,98.8609,2
52.44452,86.98044999999999,2
55.12357,118.56973,2
56.99186,103.62753000000001,2
64.04283000000001,109.94757,2
67.66477,99.80407,2
66.35990000000001,99.65952,2
91.56261,93.91534,2
48.92869,86.33052,2
67.19928999999999,81.39569,2
68.15507,123.98581,2
68.4477,94.65173999999999,2
55.18339,108.19836,2
72.26128,90.64056,2
55.77592,102.37214,2
63.37792,100.65263999999999,2
60.40879,93.21294,2
66.39126,104.80002,2
81.87996,102.7935,2
38.990939999999995,94.79462000000001,2
55.54591,104.34436,2
70.37548000000001,108.05591,2
74.54673,100.98913,2
64.13707,93.40706,2
65.55372,110.63025,2
65.68042,81.99369999999999,2
75.04569000000001,88.46728,2
57.81383,82.24533,2
53.56491,118.10993,2
39.2699,107.18515,2
57.28481,77.79198,2
59.77556,84.83249,2
55.46314,110.30631,2
60.41439,105.25805,2
46.713499999999996,100.60958,2
60.50345,97.22231,2
49.831379999999996,95.35326,2
60.04233,100.38692,2
60.95189,91.6069,2
71.68887000000001,92.47176,2
44.694990000000004,90.50501,2
82.78684,95.41728,2
41.086240000000004,88.07032000000001,2
42.0205,85.01294,2
61.01136,85.20848000000001,2
61.47629,89.69874999999999,2
63.15526,109.96187,2
49.06922,71.39812,2
53.97264,98.31280000000001,2
55.58473,86.37666999999999,2
51.521460000000005,101.44991,2
58.50949,94.9348,2
68.51959,85.1665,2
71.80655,88.92263,2
79.93333,81.36604,2
57.52437,105.41436,2
61.38512,98.3734,2
79.89985,85.3802,2
66.32288,89.54236,2
65.69158,100.92593,2
56.79516,118.20391,2
50.708709999999996,110.33036,2
71.97064,120.70323,2
70.47091,104.8867,2
72.55752,106.85835,2
58.0208,115.94703,2
67.81833,98.65439,2
65.85127,107.85252,2
71.34424,108.26302,2
57.33317,107.98247,2
65.61133000000001,103.20618999999999,2
51.507639999999995,105.71172,2
48.518950000000004,113.79701,2
70.74807,93.57638,2
59.53701,109.93832,2
69.56372,108.6858,2
77.41644,82.79595,2
55.55559,98.52347,2
62.96314,77.97548,2
61.98642,95.80981,2
52.55532,86.44257,2
52.34528,100.57506000000001,2
44.448570000000004,91.36618,2
59.53357,104.53082,2
48.809830000000005,95.80426,2
59.83018,95.04155,2
59.42011,84.53216,2
62.75812,106.42826,2
43.17606,96.86704,2
45.55901,108.7241,2
38.264030000000005,80.02327,2
50.70777,103.31013999999999,2
69.43437,119.62605,2
61.15351,100.28376,2
56.17541,105.56798,2
64.08116,91.84447,2
63.27453,108.85571,2
69.39423,100.62898,2
70.53357,86.03307000000001,2
62.95269,111.277,2
50.57404,116.27772,2
55.20991,109.40798,2
59.5469,98.25396,2
60.54202,108.29326,2
62.14727,103.22399999999999,2
59.30898,95.78019,2
70.05859000000001,97.09342000000001,2
63.67538,103.21723,2
59.79353,83.73809,2
63.44539,90.19695,2
61.67813,95.28962,2
68.594,109.64589,2
58.46082,101.08416,2
73.26524,103.82018,2
69.0517,106.49995,2
59.31737,107.48604,2
61.24618,89.47654,2
57.88715,99.91647,2
61.14622,103.44699,2
52.52164,113.23534,2
61.10812,84.68184,2
45.34895,95.25140999999999,2
61.9661,100.38896,2
60.65187,101.11229,2
51.38396,106.525,2
79.78578,78.49133,2
51.3399,103.09048,2
60.92554,100.43771000000001,2
49.67727,106.38073,2
52.59683,73.86708999999999,2
40.88727,96.18753000000001,2
57.8447,91.01321,2
60.57783,109.06488,2
79.67326,114.55562,2
56.6854,90.43603999999999,2
65.94,97.68176,2
84.98144,119.71206,2
56.98331,105.35463,2
65.67468,95.15185,2
57.51643,89.06353,2
71.32067,96.63374,2
66.13968,86.26812000000001,2
66.3057,90.07933,2
78.78482,75.37284,2
44.40643,98.87376,2
62.22782,101.23967999999999,2
39.33637,109.78316,2
59.09501,100.00453999999999,2
51.54544,96.18556000000001,2
66.81052,91.33483,2
57.31417,100.64799,2
55.31276,104.61462,2
67.03397,106.32737,2
63.20051,104.01385,2
77.78369,113.30975,2
71.95346,90.69319999999999,2
57.04092,100.51894,2
53.26079,115.71045,2
65.94416,111.49937,2
55.73385,86.90010000000001,2
60.76379,107.68751,2
55.14554,105.5663,2
55.66175,96.80016,2
48.88317,83.26803000000001,2
51.272639999999996,106.3293,2
54.13748,100.96088,2
67.33729,108.169,2
51.188159999999996,118.43963,2
57.92156,103.11410000000001,2
73.294,95.50262000000001,2
81.38426,99.91205,2
63.75808,107.45812,2
58.92632,83.12086,2
50.63075,119.46695,2
48.523920000000004,99.14457999999999,2
54.3243,100.94346999999999,2
44.5469,104.80247,2
56.00817,86.68387,2
41.60583,86.62644,2
64.03259,104.42778,2
53.99769,96.55145,2
63.60366,101.25345999999999,2
66.92525,94.08689,2
70.50127,100.62361,2
73.49198,81.07875,2
62.67635,95.93245999999999,2
47.99422,93.68188,2
59.43207,97.01566,2
46.77366,103.055,2
62.40971,89.95729,2
56.22691,97.21221,2
58.46163,107.33074,2
63.78143,105.92309,2
52.78291,113.01238,2
54.33231,100.31763000000001,2
58.62762,97.39558,2
60.80154,79.94366,2
54.4872,90.56792999999999,2
57.28235,91.46424999999999,2
56.29004,112.62875,2
47.32446,91.97536,2
63.01795,112.62218,2
50.621359999999996,89.73988,2
71.54357,77.5978,2
74.47479,92.03506999999999,2
66.6837,116.38964,2
56.40191,95.50854000000001,2
52.79919,97.24132,2
83.01717,91.67786000000001,2
50.484390000000005,79.33046999999999,2
56.6763,127.27119,2
38.94383,99.33327,2
63.45898,91.92991,2
57.48009,108.55787,2
65.79938,111.73394,2
59.69381,98.77897,2
63.60521,91.59496,2
69.18213,106.20721,2
45.83677,87.10274,2
50.90342,93.13580999999999,2
60.20493,100.96742,2
66.98463000000001,92.61281,2
59.37106,86.29081,2
60.281,99.03583,2
60.44173,87.78119000000001,2
57.66053,99.73406,2
58.11046,84.89672,2
68.28450000000001,81.49009000000001,2
69.2973,103.16118,2
42.48131,114.58899,2
72.90003,98.66274,2
59.1711,100.65303,2
66.23943,105.03093,2
58.69597,124.08148,2
60.79527,89.7543,2
62.84691,97.79911,2
85.71859,93.45975,2
52.24807,107.18962,2
57.50528,112.15233,2
66.19626,103.37228,2
66.93901,90.99902,2
50.82879,99.55766,2
73.35965,92.76178999999999,2
68.15439,108.73672,2
53.21166,78.87962,2
49.92048,117.03939,2
57.6465,96.99416,2
55.9354,117.82079,2
67.70036,104.47489,2
45.77065,102.45383000000001,2
61.92523,97.7624,2
54.45473,100.32253,2
50.77576,92.58115000000001,2
46.143640000000005,106.58151,2
67.21835999999999,91.68075999999999,2
75.78841,97.97879,2
63.2989,96.97968,2
60.87212,67.31616,2
69.88417,72.45283,2
40.55912,97.01987,2
45.06116,84.75805,2
46.015950000000004,95.76411,2
57.25416,105.31094,2
73.36999,93.56237999999999,2
58.84896,96.97574,2
59.51915,101.65769,2
57.02022,109.50709,2
70.74907999999999,96.24477,2
55.7051,98.49562,2
64.44394,107.48245,2
74.81738,101.41306,2
65.88216,103.42376,2
59.53611,105.04189,2
64.80203,90.21186,2
49.91771,111.56391,2
45.378460000000004,104.61015,2
61.21589,104.27742,2
71.48426,108.011,2
79.85225,100.61618,2
71.70456,87.81819,2
67.91999,86.15824,2
61.99199,105.34492,2
73.38919,111.59792,2
70.13654,98.47133,2
63.55886,90.07811000000001,2
64.48821000000001,113.62916,2
47.92514,107.88335,2
56.57076,112.47042,2
55.29817,105.07594,2
71.49969999999999,103.69955999999999,2
69.04667,105.28074,2
58.21852,96.44799,2
55.58804,84.72433000000001,2
47.65341,101.1188,2
61.22976,93.65146,2
52.00885,86.29029,2
66.49651,95.93187,2
45.12809,85.54561000000001,2
51.50795,75.04831999999999,2
52.441,110.15026,2
70.46987,96.49627000000001,2
73.02414,88.18963,2
66.28482,104.75075,2
41.90914,100.49557999999999,2
58.16132,96.99728999999999,2
52.70623,93.86508,2
50.58785,114.07853,2
62.87658,104.60489,2
61.16918,90.85736,2
60.4065,96.96268,2
47.98043,94.99941,2
59.86144,105.40418,2
64.06916,98.01787,2
61.27358,87.03271000000001,2
49.505359999999996,90.07637,2
62.72526,92.06594,2
75.88999,97.75395,2
63.43729,85.53989,2
65.21592,96.23551,2
41.46886,90.97331,2
60.8175,103.63504,2
54.89724,104.74254,2
58.82377,94.30611999999999,2
59.81253,101.81960000000001,2
62.25532,102.65005,2
64.36547999999999,89.87988,2
51.581779999999995,95.53971,2
55.25133,93.15156999999999,2
70.77632,114.22147,2
66.64062,77.81121999999999,2
70.71755999999999,93.06595,2
69.07775000000001,99.12901,2
46.63234,104.19727,2
68.79625,78.62079,2
42.200289999999995,113.11573,2
64.41,93.04649,2
83.88825,88.97889,2
53.57092,103.84941,2
64.85231999999999,102.17385999999999,2
63.81482,97.73569,2
52.16317,98.71495999999999,2
54.76834,95.57443,2
47.02004,100.16687,2
56.84926,86.01221000000001,2
56.16788,108.04738,2
74.34971999999999,91.9426,2
67.11679000000001,117.18788,2
77.4229,72.305,2
72.18029,105.10573,2
71.85909000000001,107.51661,2
69.03182000000001,100.34069,2
65.43005,99.77699,2
53.16007,107.7972,2
48.07412,100.44409999999999,2
57.39232,100.04588,2
61.7159,94.8672,2
52.7979,113.65913,2
68.73786,89.54446,2
75.61708999999999,97.06916,2
46.596180000000004,94.89858000000001,2
62.08567,80.12172000000001,2
72.21176,92.75539,2
56.55513,102.31943,2
51.43811,90.33373,2
60.87347,109.90448,2
45.97094,108.05602,2
55.18777,87.83520999999999,2
50.72323,93.49924,2
61.99314,90.87471,2
50.88503,99.03542,2
75.63383999999999,91.22740999999999,2
57.70752,94.48603,2
47.17879,113.22714,2
75.74352999999999,75.89603,2
45.66439,98.53562,2
37.00957,108.39096,2
63.95091,101.04249999999999,2
58.8072,93.42418,2
60.30421,95.30517,2
59.78672,97.06535,2
83.90414,96.32496,2
68.88094000000001,107.82444,2
78.40254,119.28048,2
59.70721,104.78928,2
67.59079,91.55109999999999,2
64.84636,92.34264,2
41.27829,90.89752,2
76.59843000000001,105.83452,2
57.48017,97.39704,2
69.15953999999999,86.12192,2
57.66307,97.06880000000001,2
61.86126,103.41366,2
71.73052,106.6951,2
67.64847,98.08664999999999,2
55.17402,96.00186,2
65.44158,124.85019,2
83.14872,110.52519,2
62.08557,94.22346999999999,2
66.01514,98.37922,2
62.11817,106.59673,2
46.51054,104.8716,2
48.679379999999995,107.39531,2
49.98758,96.67641,2
43.975319999999996,93.69432,2
74.47663,108.48247,2
45.66849,96.62031999999999,2
56.40398,103.52458,2
57.76594,88.95203000000001,2
64.49676,93.93384,2
61.21254,107.43937,2
34.46949,102.26729,2
46.00632,98.30301,2
67.84568999999999,91.46759,2
64.96501,121.81427,2
72.12286,105.78259,2
54.2726,105.021,2
56.36313,103.94629,2
40.33037,102.20769,2
78.24481,94.45848000000001,2
48.1422,116.06569,2
60.83747,100.21198,2
49.58027,91.32616,2
61.68749,96.74835999999999,2
39.3453,89.81644,2
59.10978,99.98582999999999,2
50.06011,99.57409,2
50.118719999999996,88.14224,2
46.80173,109.78267,2
61.4497,96.78115,2
59.84126,89.97964,2
79.78358,101.26106,2
65.44818000000001,104.82023,2
78.4162,98.58034,2
56.46915,105.33484,2
67.39338000000001,94.89618999999999,2
75.97659,115.71833,2
45.90733,91.43084999999999,2
76.32167,95.58431,2
79.47724,94.72548,2
56.04946,74.22140999999999,2
54.61991,115.20385,2
60.56393,100.77590000000001,2
43.05746,83.83699,2
69.64375,89.0249,2
42.87106,99.36683,2
61.12026,95.79939,2
75.27590000000001,92.32505,2
65.41857999999999,109.30771,2
62.58969,88.27374,2
79.78563,94.97828,2
66.41740999999999,92.72119,2
33.42948,97.03562,2
70.9471,96.93176,2
66.09729999999999,87.2256,2
54.89751,111.07395,2
46.314949999999996,89.99565,2
50.89327,119.22578,2
63.23482,86.73741,2
64.94405,90.6335,2
65.22232,120.58161,2
27.826419,79.47855,1
53.07619,112.86371,2
72.04657,102.56454,2
61.67568,100.35936000000001,2
75.84756,107.5848,2
56.04547,89.41498,2
56.28569,100.10168,2
65.72856,90.07189,2
59.05539,94.94165000000001,2
40.2726,88.62656,2
47.33974,91.36997,2
66.13468,95.69144,2
64.96999,105.99128,2
66.39057,107.48663,2
67.08233,100.20998,2
56.53939,100.50986,2
58.75325,101.35403,2
62.64909,97.29917,2
43.09582,110.34206,2
62.44851,84.21829,2
53.49563,111.32774,2
67.07288,95.7378,2
44.961200000000005,93.32379,2
65.48775,105.85651,2
79.20356000000001,108.74465,2
64.00992,90.52786,2
63.68642,123.65863,2
61.87053,91.92226,2
63.72969,86.00091,2
58.52629,116.75724,2
73.42536,113.632,2
59.33739,91.29871,2
56.66598,91.51536,2
61.96913,101.30644000000001,2
55.25198,100.78493,2
53.56147,99.85432,2
53.07125,89.41556,2
68.44303,91.90851,2
60.75025,108.0989,2
70.35784000000001,94.57351,2
64.57279,118.77867,2
44.52693,108.57829,2
74.20255,103.61836,2
61.30357,106.8662,2
57.41374,111.92524,2
46.86204,95.37459,2
59.55137,83.2294,2
67.00566,93.65933,2
58.12361,97.12998999999999,2
57.52485,120.64694,2
59.20578,102.21249,2
72.36179,98.99351,2
65.0324,87.69176999999999,2
60.86912,78.84561,2
68.08252999999999,108.39592,2
74.8749,106.84655,2
44.57269,111.18354,2
55.00761,97.033,2
63.44146,105.25961,2
63.16221,87.03518,2
54.24286,102.92887999999999,2
63.58324,96.57034999999999,2
56.35557,107.91737,2
55.1833,95.00228,2
64.51795,108.3382,2
74.39144,77.30894,2
65.86726999999999,127.3137,2
59.09084,106.78102,2
47.79925,98.74916999999999,2
53.06475,118.47807,2
43.546350000000004,95.19841,2
63.46392,104.71713,2
55.42679,94.08204,2
54.19314,111.58672,2
30.886699999999998,108.44097,2
76.59103999999999,104.011,2
67.3817,96.87357,2
58.49504,100.46255,2
72.51262,107.06044,2
64.5458,97.88389000000001,2
64.03849,93.62613,2
56.41589,96.97656,2
70.31431,101.40527,2
50.722970000000004,93.84722,2
49.877610000000004,101.21636000000001,2
79.26816,109.29843,2
55.04088,101.20282,2
64.87322,83.20948,2
49.24664,91.7367,2
70.04572,93.45698999999999,2
67.97724,109.38969,2
49.613299999999995,110.91985,2
50.89345,101.36776,2
51.744209999999995,98.71527,2
56.60416,96.83749,2
67.78417,93.40695,2
43.22726,97.4777,2
71.37993,105.01276,2
51.360079999999996,103.86529,2
66.77678,105.41522,2
64.1524,86.76581,2
61.43843,94.11403,2
73.77942,95.54832999999999,2
53.7694,119.58607,2
55.79716,95.52056,2
50.538430000000005,112.95658,2
66.22856999999999,74.53551,2
59.67892,102.87499,2
56.81919,92.38703000000001,2
54.27178,88.92914999999999,2
62.32842,103.12152,2
66.33527000000001,103.28707,2
73.53398,91.14081999999999,2
60.61128,90.21092999999999,2
70.62107,80.45209,2
56.47783,118.33963,2
72.38983,104.53774,2
50.01806,115.31725,2
59.00967,90.87296,2
42.71875,107.99089,2
81.24000000000001,105.89064,2
59.18396,105.65822,2
64.69035,97.93645000000001,2
78.0471,109.76289,2
71.25563,101.33045,2
66.92124,123.3785,2
66.25301999999999,106.06521,2
72.40546,106.73065,2
60.28902,93.28891,2
64.73831,103.29274000000001,2
63.15397,105.65951,2
64.85846000000001,117.73084,2
62.86439,107.90505,2
76.25276,98.54541,2
71.62415,107.15461,2
64.7667,101.48524,2
68.91067000000001,106.60661,2
40.23477,99.03073,2
38.984269999999995,110.79776,2
36.33768,108.84142,2
69.40030999999999,87.88199,2
61.66533,107.50779,2
79.2293,114.68412,2
78.47326000000001,93.63286,2
82.36667,90.95881,2
41.855360000000005,94.86045,2
60.38865,101.31855,2
60.74187,87.65872999999999,2
78.00854000000001,82.82972000000001,2
65.35452000000001,81.83214000000001,2
86.66133,90.6532,2
53.77558,102.47507,2
68.09134,104.89226,2
60.08256,91.44899000000001,2
49.589330000000004,98.19596,2
63.58031,105.94927,2
73.30803,76.98284000000001,2
48.87137,91.90188,2
76.40753000000001,102.59392,2
49.47485,72.19725,2
53.29645,107.43765,2
58.72936,96.59565,2
52.29439,93.9696,2
52.41527,88.44307,2
65.76281,104.38473,2
53.8258,99.16824,2
42.67527,94.22386,2
33.19942,100.1388,2
49.505790000000005,95.28771,2
65.70325,96.31371,2
63.70217,101.48599999999999,2
49.531279999999995,106.01217,2
54.58708,94.27694,2
71.84493,101.97,2
66.43159,95.38159999999999,2
67.37223,103.45379,2
48.52821,108.99037,2
73.74314,101.20763,2
49.91581,103.06654,2
71.85804,108.08115,2
44.65317,100.97068999999999,2
65.07661,104.13075,2
54.09175,99.97359,2
69.69564,107.62843,2
63.0814,95.20282,2
56.45465,90.92305999999999,2
65.95494,90.09120999999999,2
54.86304,101.43269000000001,2
51.35199,105.54097,2
48.85687,110.20236,2
58.01644,85.00452,2
59.33137,101.01991000000001,2
65.43656,93.36308,2
41.14175,79.8683,2
72.64809,111.72782,2
56.58138,79.92152999999999,2
56.92193,104.58077,2
37.71107,104.94933,2
63.15869,94.23447999999999,2
67.18889,100.86159,2
63.73414,102.9692,2
66.89299,105.56661,2
62.87272,83.29337000000001,2
60.53452,101.72891,2
68.3142,94.04765,2
58.05576,85.26198,2
42.1779,108.1016,2
76.94227000000001,126.55324,2
54.75308,95.7262,2
53.97889,92.78297,2
60.91016,105.19449,2
53.7199,97.27735,2
69.14690999999999,104.16595,2
68.61678,105.28603,2
48.11857,85.33089,2
40.4317,91.46033,2
70.93737,114.1835,2
42.29103,115.65685,2
63.51035,98.55402000000001,2
80.11132,98.98568,2
81.21623,109.80801,2
68.33622,81.19602,2
53.39445,105.82391,2
49.34521,99.85588,2
74.38664,120.36837,2
54.7127,97.47011,2
60.33881,97.22665,2
82.24166,91.57828,2
60.15035,96.58465000000001,2
58.71685,110.14773,2
59.12633,100.63593,2
71.69781,103.27919,2
45.68791,80.27335,2
67.94294,83.08792,2
87.88265,100.98402999999999,2
46.55077,90.80384000000001,2
66.29426000000001,87.39325,2
51.528819999999996,102.19854000000001,2
77.78245,103.38965,2
58.04019,107.43048,2
57.7145,91.81503000000001,2
82.57692,100.83238,2
48.86001,91.22460000000001,2
61.62214,98.10786999999999,2
43.749669999999995,107.99766,2
66.85755,94.24618000000001,2
57.5762,102.86578,2
76.43054000000001,104.46652,2
43.42326,102.49844999999999,2
64.27762,97.30138,2
60.88654,113.0129,2
55.14983,109.20756,2
44.17791,95.47301999999999,2
61.70554,99.55818,2
56.33261,82.50658,2
59.01491,87.29491999999999,2
64.81983,107.23057,2
60.07327,93.91739,2
50.90242,119.43702,2
56.81031,91.52638999999999,2
63.03812,97.54670999999999,2
52.79469,104.19816,2
57.48284,103.44551,2
65.29159,116.73057,2
55.24219,95.9317,2
58.39624,103.38412,2
54.79193,95.69379,2
68.43391,86.13215,2
79.01438999999999,105.74738,2
55.53231,103.11478,2
60.90201,114.3216,2
61.53148,82.03367,2
55.52626,123.71515,2
47.84255,100.09100000000001,2
63.60266,102.19615,2
44.29746,102.7834,2
50.38543,92.90134,2
72.67648,72.67734,2
56.9756,108.24067,2
57.8756,108.28506,2
68.75739,93.39937,2
76.86054,99.49221,2
77.58251,107.85455,2
62.30235,94.44660999999999,2
76.72005,111.69892,2
54.09218,96.2818,2
67.25593,96.96026,2
43.482910000000004,94.36535,2
43.128659999999996,105.25963,2
71.5916,102.71912,2
40.53896,87.69149,2
71.81452,92.07643999999999,2
68.44256,91.18517,2
82.44255,85.78976,2
37.27593,100.46275,2
73.77579,105.79631,2
57.08417,103.94993,2
67.97955,95.61669,2
55.22937,114.55077,2
46.42555,95.07650000000001,2
60.20962,104.5191,2
78.95403,99.6799,2
37.213809999999995,109.54397,2
52.95241,92.18707,2
79.68467,80.53054,2
50.580420000000004,103.08007,2
68.74949000000001,110.51133,2
70.65636,99.32031,2
60.4251,90.73494,2
65.28402,91.53691,2
54.34718,87.58747,2
58.59024,91.33721,2
60.71961,114.12315,2
60.37913,90.36806,2
67.26266,110.09016,2
54.55216,96.49265,2
62.125,106.37105,2
76.81907000000001,84.97095999999999,2
73.69397000000001,106.83374,2
65.11847,114.85613,2
47.424440000000004,106.70893,2
31.50407,96.95045999999999,2
69.0322,102.76543000000001,2
43.48502,115.85309,2
70.98872,111.68141,2
47.57767,102.33503,2
67.66221999999999,105.10868,2
65.13893,107.17903,2
65.78568,109.31007,2
67.92223,105.00936,2
68.03205,87.78571,2
63.65009,96.48259,2
48.543009999999995,99.48517,2
68.14451,100.26351,2
50.73458,93.41976,2
61.65806,112.97177,2
67.42072999999999,112.11551,2
74.31567,91.07155,2
57.98036,107.0989,2
78.32997,103.25209000000001,2
63.19876,100.36072,2
48.11309,112.51996,2
57.01089,109.21339,2
52.97436,109.77639,2
54.20864,101.29887,2
51.93696,102.87588,2
50.94324,110.95922,2
63.49319,99.84101,2
47.81164,112.67459,2
52.15255,82.51905,2
71.29612,119.81878,2
58.0315,94.71503,2
49.27812,102.24455,2
64.40411,108.84855,2
43.34787,101.94084000000001,2
69.36655999999999,104.14016,2
37.600049999999996,109.14876,2
50.85341,94.0978,2
64.90496999999999,103.7959,2
77.36587,98.50856999999999,2
69.0943,109.75703,2
46.661100000000005,108.32285,2
60.70467,93.43072000000001,2
48.55086,96.30225999999999,2
56.25912,99.31960000000001,2
68.98826,106.10667,2
53.26312,109.86829,2
52.02353,98.18483,2
47.30424,95.47919999999999,2
71.44975,111.13834,2
79.81329,87.91640000000001,2
71.14651,100.196,2
81.69583,87.11762,2
56.56804,108.23382,2
60.64832,106.75034,2
65.86368,108.31128,2
64.60643999999999,100.16793,2
55.88663,89.38532000000001,2
77.68279,100.16859,2
71.6255,89.49683,2
62.5861,102.54503,2
66.0202,96.69676,2
66.45453,98.70955000000001,2
58.30502,89.6469,2
68.84556,105.31183,2
50.15666,103.67134,2
58.53791,96.76666,2
43.9704,108.72659,2
70.02861,103.97829999999999,2
65.18616,101.15616,2
63.502,113.08999,2
64.74940000000001,83.9657,2
80.56076,83.47697,2
71.11581000000001,120.65344,2
55.88928,102.03461999999999,2
52.33509,92.6811,2
69.07876999999999,108.18728,2
70.33895,104.57106,2
69.26652,119.60231,2
38.55579,108.16774,2
61.00905,85.10266,2
48.00344,101.47371,2
38.14624,100.1302,2
73.95842999999999,108.46303,2
72.5372,108.16769,2
58.93926,102.98392,2
49.05058,102.4427,2
61.75223,104.63294,2
57.64791,87.91551,2
68.79252,104.57806,2
71.77635000000001,95.95868,2
47.10765,98.84145000000001,2
58.6845,89.5615,2
64.48639,96.53763000000001,2
43.60541,83.46694,2
58.7037,101.0992,2
63.00739,95.95437,2
71.56791,103.63943,2
45.269149999999996,103.87523,2
62.56982,107.66801,2
58.08915,104.5408,2
54.78496,85.51393,2
55.88933,95.3666,2
67.22242,106.03583,2
71.96253,91.75110000000001,2
60.78976,99.28554,2
61.27407,107.80852,2
64.66972,109.17705,2
59.15088,94.56051,2
49.16955,104.9487,2
51.77423,106.87607,2
73.4651,102.77485,2
60.41047,112.14114,2
62.61213,99.06376,2
59.57467,102.27438000000001,2
74.50277,89.35228000000001,2
77.91767,96.73445000000001,2
65.64944,93.13589,2
41.889179999999996,89.30231,2
71.04494,108.31933,2
62.09716,112.15952,2
63.04227,93.48632,2
67.14463,96.0835,2
65.62460999999999,117.81975,2
75.20788999999999,98.71653,2
56.05181,93.08628999999999,2
63.73998,98.94337,2
54.23256,105.07769,2
40.95196,114.2487,2
52.88314,119.69149,2
58.36533,99.07390000000001,2
64.56165,92.40328,2
59.33794,110.14443,2
69.1245,107.76719,2
42.91567,96.11771,2
65.63892,87.58675,2
62.75653,103.07043,2
66.39609,108.40751,2
66.88703000000001,106.433,2
74.88489,115.612,2
54.0548,97.12219,2
57.38898,102.3226,2
68.23034,102.03111,2
74.79647,99.39724,2
79.52772999999999,90.58207999999999,2
70.2512,107.96679,2
66.22677,94.53655,2
68.98464,98.14621,2
65.09392,104.88113,2
64.77223000000001,84.44380000000001,2
54.00083,99.08957000000001,2
48.31505,76.30374,2
73.05010999999999,107.34682,2
45.10745,82.70245,2
66.08558,101.97675000000001,2
70.62893,85.19788,2
66.68802,87.42063,2
63.07386,117.93637,2
56.70228,93.66054,2
31.47373,108.61527,2
62.08087,106.43765,2
57.96224,92.46352999999999,2
48.30779,110.53446,2
79.18555,102.19979000000001,2
63.39802,103.35423,2
57.68739,95.33306,2
68.85135,104.6936,2
62.29553,101.3545,2
73.10208,101.65182999999999,2
64.18706,96.29505,2
67.34497,101.47757,2
54.5298,107.07189,2
42.824470000000005,97.02136999999999,2
68.27826999999999,93.97093000000001,2
65.27673,92.04495,2
64.17967,104.35678,2
53.85752,100.59858,2
49.570679999999996,95.91483,2
63.5061,102.07275,2
46.338319999999996,113.38955,2
33.77208,104.03381,2
57.39434,100.17785,2
45.09434,95.0823,2
61.91991,85.2935,2
74.31478,93.6106,2
62.18649,101.34159,2
67.74056,100.98222,2
58.6671,94.8464,2
54.33136,103.66866,2
65.49676,86.21109,2
68.64805,90.69878,2
79.71940000000001,93.67238,2
68.14389,104.17408,2
75.16922,116.47846,2
71.50727,105.82463,2
62.69824,111.33099,2
72.7367,106.52017,2
64.49347,84.03264,2
62.79715,91.57061,2
70.60694000000001,92.83994,2
57.5125,108.15924,2
66.73844,105.58825,2
50.74257,94.61627,2
72.50878,103.62914,2
38.06539,107.96441,2
56.22066,89.6668,2
46.8746,109.52796,2
66.44655,93.95027,2
57.5481,99.69554,2
46.17275,113.02736,2
62.92903,110.03363,2
56.25652,104.53602,2
52.71939,97.83974,2
65.61599,101.58367,2
59.26789,97.98375999999999,2
54.55469,106.68845,2
56.45908,110.13852,2
61.83166,117.96375,2
45.83818,103.53773000000001,2
47.9007,98.79853,2
61.00502,108.62589,2
54.09975,115.41777,2
49.14662,91.12136000000001,2
61.39825,93.92034000000001,2
74.13261,91.89971,2
56.2243,102.59828,2
49.95055,96.40722,2
66.80503,110.14497,2
61.96831,107.27118,2
32.718270000000004,102.29628,2
64.39296999999999,99.58195,2
44.46523,103.57867999999999,2
49.6177,99.74445,2
41.74248,90.45285,2
49.35508,110.05808,2
47.22644,115.18532,2
71.79697,101.69157,2
64.62026,87.41006,2
54.06684,92.82305,2
63.62076,90.27394000000001,2
62.41596,108.93131,2
69.61633,94.8229,2
53.73294,107.42624,2
75.72386,116.51932,2
47.83457,102.72256999999999,2
69.89797999999999,91.15889,2
80.58085,109.45195,2
76.16207,110.20759,2
71.31114,114.59144,2
60.39541,94.17054,2
72.45226,95.42988,2
65.69188,91.24298999999999,2
65.85658000000001,105.63105,2
75.69337999999999,105.96501,2
56.04146,102.1499,2
48.332570000000004,110.274,2
61.79587,117.08113,2
58.54986,121.29447,2
60.67175,94.77458,2
58.67076,107.80664,2
55.75459,92.14806999999999,2
67.64047,102.95349,2
64.38813999999999,90.86422,2
75.07092,85.49946,2
67.48012,98.80583,2
60.05356,112.84874,2
61.29422,107.83528,2
56.53526,118.04978,2
43.52244,91.33825999999999,2
62.98621,95.51208,2
45.608670000000004,87.51016,2
51.30385,111.48902,2
74.79936000000001,108.69215,2
53.32064,109.45271,2
62.24906,87.52644000000001,2
49.504000000000005,88.87711999999999,2
51.42953,92.80237,2
71.66205,97.32732,2
58.16498,93.45429,2
64.65573,101.14824999999999,2
88.77616,16.09117,0
76.22534,34.705335,0
104.62974,31.407505,0
115.91765,22.91509,0
86.93266,36.768068,0
88.5361,13.814050000000002,0
96.53591,36.695674,0
96.23439,28.5811,0
74.16949,20.98877,0
92.58262,23.16077,0
101.56219,38.305617,0
87.99164,22.35192,0
84.71255,25.13701,0
90.76205,26.5947,0
100.15953,38.104854,0
84.54891,38.81163,0
92.76769,38.086046,0
99.9837,19.35997,0
99.13871,43.93355,0
64.28213,41.785785,0
84.1403,30.386793,0
79.16926000000001,53.10082,0
101.54203,48.749848,0
94.12215,17.33039,0
89.51984,27.05838,0
100.76502,32.761129,0
74.98248000000001,34.172601,0
83.85516,38.497023,0
90.24579,17.51917,0
84.31788,27.621290000000002,0
106.6356,19.6512,0
104.94551,28.18026,0
104.22009,40.2136558,0
84.29858,32.251362,0
98.10973,25.16866,0
95.86112,28.36459,0
110.31363,33.265693,0
82.72575,21.49176,0
95.54213,35.829658,0
85.45658,29.42006,0
81.91086,19.44713,0
79.13503,21.45618,0
80.52482,44.002958,0
100.68502,29.37436,0
86.77925,33.386018,0
86.15932,27.58051,0
86.32986,39.0143375,0
83.90113,31.45214,0
102.86773,32.469622,0
105.21556,15.301290000000002,0
87.60797,46.669538,0
86.35771,15.56746,0
85.34889,23.84615,0
115.9356,26.12505,0
75.30122,36.835563,0
73.70588000000001,17.93542,0
78.04943,37.139535,0
95.83075,28.14992,0
81.31218,20.9216,0
97.7234,37.122654,0
105.97016,22.18874,0
88.26376,20.84444,0
97.10473,20.98472,0
98.19132,31.490942,0
85.10429,36.56438,0
99.52807,12.366209999999999,0
95.18258,33.47499,0
93.22818,36.398338,0
87.87865,46.67004,0
87.49999,36.343342,0
88.73451,25.1495,0
88.80344,40.2036219,0
90.23388,38.888098,0
94.11479,32.637118,0
72.94662,13.88842,0
81.4234,44.10658,0
95.64492,12.709320000000002,0
90.19157,24.573259999999998,0
77.02136,11.620439999999999,0
82.74637,26.811999999999998,0
85.85207,19.79736,0
94.1682,30.910223000000002,0
89.75043,39.6157387,0
77.04818,23.51551,0
98.25997,32.00167,0
83.72304,15.764949999999999,0
84.25357,27.194760000000002,0
80.51129,39.6395388,0
84.83588,37.171642,0
84.00904,11.25665,0
104.36928,41.672451,0
85.89382,30.908019,0
86.97235,20.06753,0
104.08383,46.852012,0
88.23765,42.762476,0
92.25073,22.84042,0
75.23472000000001,43.789266,0
95.93697,35.59144,0
88.67339,35.198389,0
76.01145,22.1514,0
97.52585,24.29967,0
108.95077,20.55157,0
81.68007,48.509057,0
114.70014,33.614967,0
86.70215,10.26736,0
97.82463,29.938290000000002,0
107.91064,9.035229999999999,0
81.9166,31.17294,0
100.87708,39.2837605,0
100.89673,16.61014,0
86.70298,44.803512,0
83.19015,19.38757,0
96.81372,13.097570000000001,0
85.06876,44.386009,0
115.32207,23.01665,0
77.72157,24.39506,0
75.37355,40.1582913,0
89.38057,27.00924,0
87.81506,35.188745,0
96.97593,31.63964,0
97.27475,44.903346,0
103.35947,17.73633,0
81.09789,25.70234,0
85.82687,20.78581,0
94.95858,35.865938,0
82.60687,53.20539,0
71.71922,39.8211417,0
94.93252,39.4135768,0
99.38506,20.7783,0
95.77722,13.495940000000001,0
78.46342,24.86728,0
95.47081,17.39734,0
64.91439,34.802872,0
88.68961,52.47448,0
81.03369,40.7950336,0
78.83893,37.723565,0
102.02278,31.145646,0
90.77446,27.24701,0
99.77536,11.330850000000002,0
94.93503,36.67223,0
92.12925,27.72215,0
100.84457,37.363315,0
77.63159,38.778329,0
100.52416,46.845383,0
83.23519999999999,15.27318,0
102.18422,10.48781,0
117.35694,37.836929,0
80.78475,8.960180000000001,0
90.74291,17.84002,0
94.0169,54.51656,0
86.91939,27.752110000000002,0
96.09503,44.343313,0
101.78097,31.272844,0
100.09553,35.767702,0
93.32889,41.538375,0
82.58947,44.468431,0
87.35439,23.38005,0
106.32658,25.541629999999998,0
91.04987,37.316756,0
103.78762,66.49733,0
94.85747,34.940495,0
97.72216,46.093524,0
88.97789,35.876708,0
79.17707,25.26242,0
70.49705,22.09272,0
100.156,46.28412,0
93.31786,30.694874,0
79.61196000000001,35.574932000000004,0
88.88152,30.106168,0
108.66383,32.090562,0
74.22847,23.67762,0
91.32836,42.896152,0
97.83042,34.589078,0
92.29527,38.356192,0
80.87722,17.8876,0
110.33483,34.051761,0
94.31378,19.14918,0
93.68492,35.607825,0
87.73081,21.21786,0
90.87401,26.08668,0
78.89813000000001,38.736371,0
81.02102,26.99241,0
83.88495,44.276434,0
80.26458,40.7716272,0
90.30639,28.33185,0
93.19178,35.176885999999996,0
78.26951,26.41846,0
93.826,34.703300999999996,0
96.70216,32.296656,0
89.07478,42.692738,0
75.76127,12.36035,0
104.63778,40.841825,0
94.96148,51.91875,0
77.6636,16.08761,0
84.04885,33.089235,0
91.5033,39.97630415,0
102.15275,18.3919,0
83.34114,14.6785,0
93.77465,31.935299,0
92.78902,14.76288,0
80.628,22.30347,0
90.46724,26.74904,0
91.33598,4.698239999999998,0
98.18223,35.996389,0
85.29634,25.28493,0
99.06381,22.47571,0
79.79717,24.197960000000002,0
97.98643,40.14855,0
99.18679,17.15902,0
81.1682,22.12077,0
93.55363,43.718564,0
91.21541,32.256987,0
92.69725,29.47477,0
86.1658,48.654269,0
86.57901,32.03131,0
97.53841,32.744544,0
88.90079,38.825495000000004,0
95.15744,35.696811,0
80.93241,20.3737,0
90.77527,24.80614,0
81.57276999999999,20.15034,0
94.40188,27.34624,0
96.09887,31.187584,0
83.00710000000001,44.700768,0
75.08188,26.18669,0
82.74949000000001,32.114466,0
89.52172,28.77617,0
92.21619,41.537016,0
106.36201,20.96603,0
77.06537,31.248613,0
85.3979,38.405766,0
82.21588,22.11832,0
86.55029,13.65351,0
83.71606,37.852871,0
81.24889,51.37515,0
87.01504,26.086100000000002,0
96.54024,47.571401,0
71.77094,21.65954,0
105.88293,43.30276,0
81.10013000000001,27.58185,0
79.85202000000001,34.347524,0
95.82624,19.90939,0
81.68382,26.69078,0
77.11461,25.28105,0
97.37225,38.001552,0
76.91890000000001,34.392186,0
88.24066,23.2217,0
90.99341,19.78139,0
75.90017,15.572189999999999,0
85.72708,27.37328,0
106.9104,37.781519,0
80.30796000000001,18.86026,0
78.89599,26.34392,0
84.42315,42.896175,0
88.26449,38.707567,0
80.80457,23.58986,0
94.24806,16.09523,0
88.40987,38.648267,0
95.19914,22.11126,0
73.99338,23.20985,0
84.66423,28.78247,0
98.41882,31.868527,0
110.1256,15.42237,0
98.52343,16.02271,0
89.83008,33.797298,0
96.66716,29.04516,0
93.33869,25.493679999999998,0
74.61538,40.822026,0
95.07177,42.72507,0
92.55125,56.4744,0
95.25325,44.462009,0
83.05424,27.29511,0
94.84572,33.086362,0
101.29542,21.86391,0
106.43307,41.7146,0
78.70364000000001,35.940214,0
70.14929000000001,25.68402,0
83.98909,28.81045,0
85.58124,28.83627,0
98.43384,41.611536,0
101.6864,32.434365,0
91.32661,15.788599999999999,0
76.50423,39.3291481,0
86.49155,28.067729999999997,0
97.01996,32.915793,0
103.91402,38.62787,0
89.80927,27.37173,0
79.75429,41.039816,0
117.82028,23.43605,0
111.93916,38.849913,0
87.92403,22.96734,0
81.81742,49.498615,0
91.14845,31.361019,0
86.59299,7.533630000000002,0
88.46967,9.46501,0
95.83458,36.433501,0
99.48316,9.19941,0
83.92749,28.6157,0
87.65975,30.662463000000002,0
87.92516,44.484799,0
85.09831,28.47371,0
90.69653,24.84952,0
97.50496,30.277773,0
108.75939,29.6792,0
86.10896,13.224229999999999,0
68.80508,17.5156,0
97.87479,34.248773,0
94.65789,31.080295,0
102.11505,38.376092,0
93.36298,25.39457,0
91.40567,35.659967,0
78.62062,29.80923,0
85.29806,42.156136000000004,0
92.86081,28.17191,0
91.3769,30.747785999999998,0
104.13732,48.626087999999996,0
90.62952,10.86169,0
94.71705,22.83914,0
89.74262,31.613193000000003,0
92.60228,35.583741,0
82.13006,17.20147,0
80.11729,51.88867,0
96.74555,22.63611,0
87.41577,30.733533,0
93.11009,16.89951,0
99.32548,24.29719,0
124.3766,44.351511,0
86.86716,20.12223,0
109.33103,27.19622,0
55.74094,15.998729999999998,0
96.09913,21.78364,0
89.3201,34.235663,0
84.45351,30.353583999999998,0
101.06175,18.80852,0
78.83277,36.699787,0
79.77071000000001,33.426573,0
89.73292,17.90324,0
86.791,29.52898,0
69.65516,38.130262,0
90.70066,24.104860000000002,0
92.20053,27.623730000000002,0
85.95326,23.06817,0
94.20015,25.10285,0
92.81212,36.953645,0
77.88044,35.918664,0
68.90072,18.01916,0
81.67483,44.149319,0
92.80554,34.456746,0
102.24438,31.286270000000002,0
88.85194,39.0315789,0
90.258,34.426438,0
71.29503,43.890627,0
91.87862,41.95838,0
94.26682,40.2268598,0
93.88967,35.861579,0
92.43866,31.29793,0
88.84693,35.526147,0
87.4579,28.48091,0
83.23736,35.667381,0
87.04572,31.250313,0
81.14106000000001,19.87082,0
79.06593000000001,3.4035500000000027,0
83.0932,30.488035,0
84.19505,35.877446,0
89.14382,33.135885,0
88.2186,26.03829,0
100.78812,18.38887,0
82.15594999999999,34.40145,0
96.2021,39.6464586,0
87.71612,18.04609,0
86.87748,26.236269999999998,0
101.16841,27.2678,0
97.52612,23.14523,0
93.13333,25.965040000000002,0
82.92608,26.002499999999998,0
71.79126,46.185827,0
89.15686,30.995913,0
82.27294,32.423293,0
82.86968,31.099980000000002,0
79.75554,21.35141,0
75.93825,34.675004,0
83.37816000000001,48.626922,0
109.06512,21.99213,0
79.49207,18.161,0
83.07169999999999,44.1653,0
94.18266,25.60615,0
92.99597,18.00498,0
94.54878,40.68999,0
92.79072,26.57621,0
88.58779,40.4890194,0
103.4991,36.287517,0
105.60566,37.652611,0
69.33336,23.54869,0
100.25808,22.09466,0
93.99424,36.583269,0
91.49039,7.31277,0
95.56422,4.892949999999999,0
70.77177,34.439743,0
83.31959,43.695687,0
82.63376,19.39876,0
92.48474,30.356719,0
75.5865,16.69307,0
71.66027,10.03388,0
73.65475,34.587794,0
109.75272,31.703201999999997,0
80.46186,42.98287,0
100.376,28.395989999999998,0
81.82472,26.96036,0
93.42504,27.971629999999998,0
92.77863,41.591326,0
87.30395,17.34289,0
91.1454,33.179715,0
111.37652,29.67547,0
90.45771,37.984659,0
85.35571,37.843915,0
106.14405,33.355287,0
60.98589,19.03106,0
105.28412,23.72698,0
104.69904,28.75364,0
98.1619,17.46026,0
83.30449,32.863717,0
70.96260000000001,39.4131848,0
98.5982,15.977900000000002,0
91.42413,24.196170000000002,0
93.3584,41.431008,0
83.5102,29.10882,0
84.3641,1.3189100000000025,0
99.91314,23.10026,0
90.61451,26.35193,0
97.37191,10.3083,0
82.43318,44.515735,0
86.53034,16.26362,0
73.39923999999999,31.048921999999997,0
102.79707,36.593826,0
85.8034,28.80787,0
107.72446,38.211958,0
88.37877,28.78735,0
96.46407,41.250499,0
87.35838,38.022706,0
109.75777,19.80485,0
91.4421,33.959321,0
94.56606,31.843808,0
88.46404,32.567982,0
98.44227,26.40718,0
93.10613,45.701017,0
82.34706,17.45106,0
71.82533000000001,25.71304,0
90.39661,34.305694,0
96.49829,35.621462,0
81.48431,23.68097,0
81.80351999999999,41.297201,0
96.0211,32.769602,0
80.64451,47.604861,0
91.70814,27.138840000000002,0
96.83708,21.87526,0
98.40622,21.90288,0
88.72024,16.04763,0
70.06300999999999,19.79647,0
107.69692,28.57028,0
106.99997,44.574135,0
88.19161,19.95024,0
88.08471,11.903490000000001,0
84.0625,29.2501,0
94.93968,26.05997,0
94.13194,32.308569,0
87.39908,17.42461,0
93.78174,40.6641589,0
75.11437000000001,28.29212,0
102.80132,26.89595,0
81.3069,47.839162,0
86.26919,37.717772,0
79.19792000000001,28.671509999999998,0
82.44525999999999,9.847809999999999,0
69.19779,28.28049,0
92.94774,31.655296,0
79.87773,34.257237,0
93.47509,35.716851,0
105.36645,23.53081,0
89.38539,38.093055,0
82.15073000000001,34.947205,0
84.23726,26.6649,0
92.92104,40.791644,0
97.48227,16.86949,0
97.34316,43.181548,0
89.85361,30.933873,0
90.68102,36.41394,0
104.16232,15.602329999999998,0
77.46576,44.544234,0
83.88039,41.74088,0
112.76103,41.320703,0
106.41515,27.51558,0
83.23813,40.6457113,0
92.81642,22.21909,0
72.98322999999999,41.240638,0
86.03696,24.87014,0
83.82113,31.458866999999998,0
104.74937,18.22012,0
86.82718,21.50643,0
86.8739,32.882448,0
110.11309,26.26198,0
63.88975,26.18,0
101.08251,27.55831,0
82.29297,23.53008,0
78.55329,16.43145,0
76.00959,48.877159,0
96.57934,33.826603,0
102.2019,33.034703,0
93.04178,25.23706,0
89.56355,27.448169999999998,0
72.04093,25.950020000000002,0
93.3532,32.210034,0
83.90973,27.38822,0
70.83435,38.560872,0
92.19453,23.55768,0
94.73565,14.09198,0
88.85865,29.08585,0
100.10725,35.155515,0
93.59379,37.69946,0
84.91755,22.20347,0
89.18629,38.654271,0
76.67510999999999,20.10026,0
83.84701,47.070253,0
93.52853,35.694895,0
97.77298,19.02129,0
86.58747,23.48798,0
94.68619,26.214840000000002,0
102.44135,36.801189,0
72.30627,20.03472,0
89.2922,31.834828,0
84.40332,51.5388,0
107.83745,34.202464,0
93.06476,42.346044,0
78.63266999999999,41.1054,0
94.55995,25.054180000000002,0
94.27044,18.18646,0
70.25447,30.206744,0
82.09312,17.89472,0
107.61305,40.8871884,0
99.40338,43.454682,0
97.56643,57.25978,0
107.67891,34.987903,0
87.52089,40.5997717,0
99.92055,37.214145,0
91.32548,33.959214,0
77.68811,13.182099999999998,0
105.23694,32.405807,0
84.65368,31.31671,0
81.31142,51.2666,0
79.06764,47.588651999999996,0
107.76017,28.386589999999998,0
88.24614,13.62284,0
84.45452,37.777176,0
85.53308,10.907240000000002,0
83.89614,20.89728,0
100.11442,53.05422,0
73.4408,35.49995,0
91.92873,23.06253,0
81.59669,29.24508,0
86.93093,26.21743,0
70.34515999999999,30.386846,0
92.01345,26.32486,0
103.8145,15.265920000000001,0
98.27926,39.7882744,0
83.37316,34.859578,0
87.56707,41.263094,0
98.30576,37.684687,0
84.15815,30.039597,0
78.67935,34.812297,0
104.99193,14.251470000000001,0
86.11341,35.077624,0
94.52394,38.960386,0
90.64279,31.534641999999998,0
109.6064,40.470833999999996,0
96.0323,36.162333,0
95.88329,28.59929,0
111.41507,21.41877,0
95.96584,34.25444,0
76.82018,21.8482,0
85.26213,38.843683,0
92.5354,19.79675,0
62.97974,31.139992,0
78.11489,21.71834,0
93.26022,28.011969999999998,0
97.94697,27.58365,0
91.2361,31.180914,0
100.56624,47.036737,0
108.41406,26.883760000000002,0
92.93951,31.225666,0
91.42486,33.431326,0
105.37737,37.425039,0
80.69892999999999,44.760236,0
104.41388,33.394712,0
98.85013,28.51539,0
92.23627,36.65167,0
99.51451,32.775543,0
90.81757,19.47469,0
99.3355,22.98662,0
103.92007,21.02469,0
84.99888,35.774554,0
90.30046,44.675978,0
92.4469,25.49866,0
85.32914,19.42064,0
89.68672,31.229115999999998,0
102.80947,37.789299,0
86.12637,15.341830000000002,0
94.31614,40.4964872,0
82.74274,20.85813,0
86.71625,38.71699,0
72.76581,42.249599,0
84.23697,42.673515,0
102.93062,19.81939,0
56.50027,18.50777,0
123.9198,14.05939,0
98.92066,27.79937,0
91.31289,44.678264999999996,0
90.89019,55.4043,0
107.70451,24.683500000000002,0
78.66569,35.105239,0
85.94133,39.5282767,0
73.61497,19.05804,0
100.81969,9.62821,0
87.59589,37.762547,0
90.45368,25.65,0
72.61427,34.031765,0
87.05727,21.63071,0
100.33527,50.0038,0
85.81659,32.304604,0
78.66797,33.346605,0
83.55366000000001,6.3999900000000025,0
92.77927,37.39848,0
90.05731,33.259543,0
83.67471,20.42559,0
81.41443000000001,27.43845,0
79.91931,28.591639999999998,0
74.54312999999999,30.024463,0
90.58784,30.547852,0
73.50131999999999,28.11721,0
92.78958,11.77994,0
96.30181,33.768328,0
71.48873,8.64058,0
102.67635,20.85615,0
84.73662,19.53695,0
109.92531,29.29139,0
102.33732,33.918003999999996,0
87.7835,26.216929999999998,0
102.0141,48.581901,0
85.64449,36.675243,0
78.89835,17.20442,0
70.28286,44.203121,0
88.29051,26.402160000000002,0
105.31325,30.022354999999997,0
113.10153,25.51932,0
84.6744,38.913759999999996,0
92.97454,40.8260532,0
94.51596,30.792153,0
88.41306,37.249191,0
95.30674,35.795542,0
73.84029000000001,27.59021,0
87.35263,39.6457514,0
87.39329,7.0512000000000015,0
76.93941000000001,35.128054,0
89.12279,45.317039,0
77.22761,34.832046,0
96.05929,34.430474000000004,0
79.81583,35.849715,0
84.30557,12.7286,0
79.1149,23.74023,0
111.61397,27.88993,0
98.31008,23.6227,0
88.59947,40.7928145,0
88.01685,41.108887,0
102.84614,27.50831,0
69.51263,39.4888355,0
89.8973,5.829999999999998,0
104.17337,35.368641,0
98.89444,15.70212,0
90.69758,49.444024999999996,0
81.77013,20.31106,0
98.0163,44.23549,0
93.54946,23.90058,0
75.73492999999999,27.25546,0
85.89819,53.69386,0
77.39889,26.17256,0
83.04364000000001,12.68347,0
110.12375,21.7456,0
84.38116,16.38833,0
83.44825,34.37648,0
92.94678,22.74783,0
72.57834,26.879910000000002,0
83.63273000000001,45.738944000000004,0
91.99254,29.009410000000003,0
92.39277,35.188467,0
99.11701,35.487327,0
71.93236999999999,22.13377,0
90.43403,18.40012,0
93.80844,37.775362,0
101.84084,20.26934,0
80.51823999999999,32.013171,0
96.27817,13.76548,0
92.43248,21.08489,0
88.76535,41.418947,0
80.72784999999999,42.763541000000004,0
88.29949,28.41674,0
91.62149,13.12446,0
90.59952,34.154592,0
100.10539,29.1738,0
90.75399,50.09409,0
81.23998,18.55577,0
88.3528,48.337489,0
81.51666,27.56558,0
91.43109,39.993851648,0
82.02735,15.80125,0
81.78094999999999,41.968633,0
118.66974,37.835873,0
93.01436,38.277545,0
102.94384,39.0591823,0
100.52203,26.79129,0
73.52886000000001,36.313279,0
90.67194,39.2277227,0
76.81425,26.29542,0
92.37652,13.474620000000002,0
69.83153,31.138586,0
90.16466,21.02918,0
92.25542,57.13289,0
89.0665,42.742776,0
77.83613,38.522548,0
95.97397,17.15058,0
88.33255,40.6976613,0
80.67356000000001,31.04606,0
81.20472000000001,25.0732,0
85.426,31.012423,0
97.37339,36.085210000000004,0
85.88091,15.361799999999999,0
88.68376,13.51519,0
103.17385,28.330579999999998,0
89.57142,38.80915,0
107.76274,27.90415,0
84.25253,35.340751,0
78.7633,30.446249,0
107.6779,25.42532,0
104.77952,11.806619999999999,0
64.48759,11.08088,0
91.15801,35.03025,0
101.11289,41.820294,0
89.6739,26.49872,0
97.81984,10.7182,0
94.59189,33.030982,0
107.18534,32.438186,0
100.60636,44.67578,0
104.97687,19.22724,0
99.38887,58.965869999999995,0
93.09005,30.061495999999998,0
103.21137,4.639240000000001,0
74.64416,29.20571,0
93.64229,23.19126,0
88.84037,36.910534,0
95.82528,14.822040000000001,0
97.2142,18.82768,0
82.69973,28.71597,0
85.87854,21.64563,0
85.8312,27.19952,0
89.75814,33.810922,0
88.61625,24.01539,0
84.98134,23.21673,0
84.85876,30.713419000000002,0
86.79546,22.3705,0
63.56437,25.92185,0
88.28453,39.94716397,0
73.97722,21.88268,0
92.37554,25.848979999999997,0
65.12958,46.069386,0
99.23594,32.216733,0
87.89267,19.20511,0
97.45593,33.389563,0
87.28255,36.543592,0
97.23093,35.820209,0
97.14531,23.74978,0
80.35104,23.81277,0
85.31193,23.38968,0
97.93611,7.298110000000001,0
99.88167,30.74487,0
84.06412,34.946335,0
75.65335,37.647546,0
80.33708,39.4878468,0
89.20068,26.42041,0
82.69722999999999,29.83296,0
86.39989,34.595942,0
80.86256,22.05757,0
94.03131,14.301670000000001,0
102.44264,22.61124,0
91.05727,19.05617,0
100.91493,34.494267,0
94.19766,36.601326,0
93.76104,30.195156,0
89.15085,12.66328,0
93.74459,17.75253,0
113.63296,29.636760000000002,0
92.05005,38.01133,0
99.09497,22.2307,0
72.66147000000001,27.898809999999997,0
111.25622,13.23235,0
89.69169,32.210904,0
67.71091,33.904625,0
75.00807,51.56722,0
87.68167,30.214356000000002,0
85.44644,27.86923,0
104.56817,33.922617,0
117.56903,25.55361,0
73.24852,28.58212,0
87.16991,35.926962,0
82.42045,23.7233,0
79.63564,2.209629999999997,0
98.52355,33.131334,0
88.07284,30.549095,0
84.40905,22.67431,0
103.58873,29.83587,0
103.71054,32.432592,0
96.59972,31.401609,0
85.59871,34.484504,0
84.16531,31.760571,0
92.31848,11.622610000000002,0
92.89074,26.91599,0
91.85983,32.718493,0
94.98594,44.9548,0
88.01299,27.065730000000002,0
91.72321,32.127254,0
105.0203,17.89019,0
86.09438,40.7196266,0
105.76525,24.058419999999998,0
95.29033,19.47507,0
89.05731,23.57329,0
104.21595,26.70054,0
89.43209,32.221007,0
89.3489,23.29004,0
87.496,40.7695373,0
74.37956,37.626424,0
75.37194,31.240034,0
85.99169,35.043465,0
102.59654,10.15361,0
100.10463,28.0905,0
82.44377,23.8639,0
107.34288,28.05809,0
83.13534,7.526389999999999,0
100.38442,27.80699,0
73.62364,19.30562,0
90.99268,36.712199,0
112.67575,23.81538,0
85.15415,32.577556,0
99.33412,17.81341,0
89.03038,26.29337,0
105.09824,28.68563,0
95.07559,38.79944,0
94.90408,8.40578,0
71.66653,45.64022,0
97.56271,27.48116,0
103.9768,24.79619,0
72.63898,40.2466355,0
84.80269,20.10643,0
80.91487000000001,34.353030000000004,0
96.31144,26.7287,0
92.70005,22.04871,0
74.85473999999999,35.768635,0
80.46303,28.84536,0
93.09839,25.90865,0
78.33049,15.452670000000001,0
98.08799,44.297182,0
81.18767,7.32799,0
96.27331,12.303930000000001,0
87.0222,4.980379999999997,0
103.54788,41.910021,0
74.19945,26.54045,0
87.80528,44.444605,0
107.90198,54.854060000000004,0
82.05761,39.8154065,0
87.43387,35.399528000000004,0
71.20421999999999,32.62623,0
103.53147,35.403886,0
83.07033,29.90551,0
82.59971,32.00373,0
88.3894,38.180596,0
95.60424,31.992233,0
71.39455000000001,32.439555999999996,0
74.05743,9.858529999999998,0
74.21432999999999,40.976269,0
86.1136,37.692307,0
92.98232,18.58294,0
83.47237,40.4243742,0
87.75566,36.299079,0
79.91526999999999,35.497189,0
79.59558,59.35797,0
94.9352,42.191131,0
79.33881,21.25469,0
99.36212,45.214438,0
102.11814,26.38074,0
103.82712,1.204500000000003,0
94.61884,28.66554,0
81.73203000000001,34.427099,0
88.48677,16.87863,0
89.30094,12.69127,0
76.70621,22.54305,0
91.53534,40.8623792,0
96.21033,47.055012,0
83.84636,22.2717,0
86.25222,36.086966,0
101.44768,15.75243,0
82.67937,19.91179,0
74.33532,41.649464,0
95.66274,24.24125,0
100.03555,25.388260000000002,0
80.50963999999999,21.19412,0
89.59802,24.428449999999998,0
83.66284999999999,9.51785,0
76.05252999999999,32.642492,0
84.07648,35.601439,0
84.70491,29.62343,0
100.56889,54.50799,0
106.61128,32.132251,0
96.73148,23.16061,0
88.25068,32.857998,0
103.53589,17.96824,0
104.63376,29.345689999999998,0
79.70858,32.97739,0
86.62059,40.2782472,0
99.4429,19.1198,0
79.14149,36.731411,0
82.93142,30.32745,0
96.28171,46.197267,0
101.7813,22.10559,0
69.64519,19.70889,0
78.37998999999999,27.018,0
94.68241,17.25715,0
108.04622,42.73894,0
61.72015,32.762082,0
81.91275,27.01271,0
94.79148,22.36236,0
81.99087,24.2344,0
102.01159,21.29623,0
98.71038,24.898139999999998,0
105.51906,17.90573,0
96.5364,28.60746,0
68.34201,30.849449999999997,0
89.69287,32.932371,0
99.86285,23.98229,0
89.80298,44.93805,0
103.65175,21.26078,0
105.6528,33.538939,0
102.77088,37.626701,0
84.46532,29.49864,0
110.72282,27.74416,0
84.87976,15.122689999999999,0
