ID,Year_Birth,Dt_Customer,Recency,MntFruits,MntMeatProducts,MntFishProducts,MntSweetProducts,NumWebPurchases,NumStorePurchases,Response
5524,1957,04-09-2012,58,88,546,172,88,8,4,1
2174,1954,08-03-2014,38,1,6,2,1,1,2,0
4141,1965,21-08-2013,26,49,127,111,21,8,10,0
6182,1984,10-02-2014,26,4,20,10,3,2,4,0
5324,1981,19-01-2014,94,43,118,46,27,5,6,0
7446,1967,09-09-2013,16,42,98,0,42,6,10,0
965,1971,13-11-2012,34,65,164,50,49,7,7,0
6177,1985,08-05-2013,32,10,56,3,1,4,4,0
4855,1974,06-06-2013,19,0,24,3,3,3,2,1
5899,1950,13-03-2014,68,0,6,1,1,1,0,0
1994,1983,15-11-2013,11,5,6,0,2,1,2,0
387,1976,13-11-2012,59,16,11,11,1,2,3,0
2125,1959,15-11-2013,82,61,480,225,112,3,8,0
8180,1952,15-11-2013,53,2,53,3,5,6,5,0
2569,1987,10-10-2012,38,14,17,6,1,1,3,0
2114,1946,24-11-2012,23,22,115,59,68,7,12,1
9736,1980,24-12-2012,51,5,19,2,13,3,3,0
4939,1946,31-08-2012,20,5,38,150,12,4,6,0
6565,1949,28-03-2013,91,80,498,0,16,11,9,0
2278,1985,03-11-2012,86,17,19,30,24,2,3,0
9360,1982,08-08-2012,41,2,73,69,38,4,5,0
5376,1979,06-01-2013,42,1,1725,1,1,0,0,0
1993,1949,23-12-2012,63,0,86,0,0,2,9,0
4047,1954,11-01-2014,0,0,102,21,32,6,9,0
1409,1951,18-03-2013,69,3,27,39,6,7,5,0
7892,1969,02-01-2013,89,4,25,15,12,2,3,0
2404,1976,27-05-2013,4,4,30,3,6,5,4,0
5255,1986,20-02-2013,19,1,3,3,263,27,0,0
9422,1989,31-05-2013,26,2,42,20,21,2,4,0
1966,1965,22-11-2013,96,100,801,21,66,6,10,0
6864,1989,22-05-2014,34,4,10,2,2,3,3,0
3033,1963,11-05-2013,56,17,44,34,22,2,3,0
5710,1970,10-10-2012,31,0,5,2,0,2,4,0
7373,1952,29-10-2012,8,12,96,33,22,4,6,1
8755,1946,20-02-2013,4,34,471,119,68,3,9,0
10738,1951,29-08-2013,55,0,19,2,1,2,3,0
4339,1970,31-12-2013,37,17,151,0,8,5,12,0
10755,1976,02-09-2013,76,3,14,15,7,3,2,0
8595,1973,11-02-2014,99,0,6,2,0,1,3,0
2968,1943,01-02-2013,53,8,206,160,49,7,5,1
8601,1980,29-04-2013,3,76,536,82,178,8,5,0
503,1985,12-03-2013,88,1,29,3,0,2,3,0
8430,1957,24-12-2012,4,0,6,3,1,0,3,0
7281,1959,05-11-2013,80,11,50,3,2,1,4,0
2139,1975,02-10-2013,19,1,10,3,2,2,3,0
1371,1976,28-06-2014,72,164,266,227,30,2,9,0
9909,1996,09-11-2012,24,18,14,15,22,3,3,1
7286,1968,24-05-2013,92,6,15,3,5,2,2,0
7244,1951,01-01-2014,96,5,48,6,10,2,4,0
6566,1954,08-11-2012,39,50,317,50,38,5,12,0
8614,1957,12-05-2014,29,19,125,37,67,4,10,0
4114,1964,11-08-2012,2,37,780,27,167,6,13,0
1331,1977,02-01-2013,54,6,20,30,1,2,3,0
2225,1977,07-06-2014,54,120,550,156,40,4,7,1
9381,1978,12-06-2013,57,9,124,12,24,4,10,0
6260,1955,19-11-2012,55,51,432,180,120,3,13,1
10383,1966,02-04-2013,30,35,482,121,120,5,10,1
7437,1988,28-04-2014,31,0,8,2,1,1,4,0
8557,1982,17-06-2013,57,3,22,2,2,2,3,0
8375,1968,03-03-2014,63,0,28,0,0,8,6,0
6853,1982,04-07-2013,12,26,538,69,13,3,11,1
3076,1975,07-09-2012,18,18,102,16,18,4,12,0
1012,1952,18-02-2013,26,7,134,37,14,8,10,0
6518,1951,11-06-2013,8,0,48,0,6,7,8,0
4137,1948,06-12-2013,29,40,367,119,122,7,4,0
8082,1971,21-05-2013,75,3,6,3,6,1,2,1
1386,1967,11-05-2014,0,0,1,0,0,1,2,0
9369,1979,19-03-2014,19,14,309,201,24,11,10,1
4477,1958,27-09-2013,4,49,159,7,82,5,10,0
1357,1970,08-04-2013,90,59,487,58,29,2,5,0
1402,1954,11-09-2012,1,36,460,189,60,4,6,0
10629,1973,14-09-2012,25,3,43,17,4,3,3,0
6312,1959,17-03-2013,29,107,291,84,37,10,13,0
8132,1975,05-04-2013,88,6,65,0,6,9,8,0
1050,1952,30-04-2014,58,10,13,4,15,2,4,0
5846,1977,19-12-2012,68,1,6,2,1,1,2,0
1859,1972,27-08-2012,34,111,925,97,18,7,5,1
7503,1976,12-10-2012,40,105,779,137,105,5,9,1
10401,1976,04-09-2013,12,0,5,0,3,0,3,0
1618,1965,02-01-2013,9,0,64,0,0,10,8,1
3332,1985,29-08-2012,87,4,68,7,5,3,4,0
2261,1969,23-06-2013,5,1,5,2,0,1,2,0
5346,1973,03-07-2013,87,5,19,7,0,3,3,0
4119,1963,11-05-2013,56,17,44,34,22,2,3,0
535,1987,25-02-2014,18,23,424,27,65,3,13,0
5268,1960,11-08-2013,95,8,14,10,4,1,4,0
273,1970,16-07-2013,48,0,16,0,0,3,4,0
4452,1957,28-05-2014,3,6,37,0,3,6,6,1
8504,1973,12-05-2014,70,60,568,110,133,5,7,0
771,1967,21-01-2014,79,9,39,4,0,2,5,0
8996,1957,19-11-2012,4,42,192,49,37,7,8,0
9235,1957,27-05-2014,45,0,8,2,0,1,2,0
5798,1973,23-11-2013,87,37,359,98,28,2,8,0
11178,1972,23-03-2014,69,2,10,0,1,1,3,0
2230,1970,24-05-2014,84,2,14,0,0,3,3,0
7516,1983,22-05-2014,30,3,11,12,5,2,3,0
7247,1960,22-11-2012,72,0,26,0,0,7,6,0
11100,1972,11-04-2013,37,2,7,0,1,2,3,0
4646,1951,01-12-2013,44,26,447,75,0,5,12,0
3037,1983,20-06-2013,32,46,92,65,61,5,7,0
1473,1960,23-07-2013,0,1,5,2,1,2,3,0
1016,1959,30-03-2014,43,1,6,2,0,2,3,0
4518,1979,20-04-2013,59,172,183,185,132,9,11,0
9370,1945,17-05-2013,68,81,276,80,40,6,6,0
8908,1959,08-05-2014,35,76,690,50,26,3,5,1
8373,1979,10-12-2013,94,3,6,10,0,1,3,0
7533,1964,24-09-2013,15,1,32,2,1,4,4,0
2683,1969,02-02-2013,56,106,271,75,98,6,12,0
3629,1978,19-12-2012,17,3,31,4,4,3,3,0
10991,1960,07-12-2012,18,194,106,31,22,5,4,0
5077,1979,02-11-2013,46,115,292,23,35,6,11,0
7431,1991,10-11-2012,40,17,311,23,51,7,5,1
3267,1963,25-06-2014,27,0,21,0,0,8,8,0
999,1991,02-01-2013,95,44,125,29,20,6,11,1
9215,1980,12-12-2012,19,0,101,0,0,6,6,0
2286,1962,10-09-2013,27,1,21,0,1,2,3,0
1592,1970,24-01-2014,25,99,812,151,82,4,5,0
367,1978,19-02-2013,74,90,94,123,103,9,5,0
5234,1967,11-07-2013,85,5,25,0,9,1,3,0
9862,1969,14-11-2013,37,6,7,11,5,2,3,0
9805,1953,20-06-2013,65,48,133,39,72,6,10,0
6205,1967,24-02-2014,13,3,29,0,4,2,3,1
8442,1985,04-09-2013,63,0,7,3,4,1,3,0
7386,1976,22-04-2013,83,0,14,7,3,1,3,0
7215,1983,12-03-2013,69,27,102,44,72,6,13,1
1491,1965,18-02-2013,87,33,124,40,28,3,7,0
11071,1984,21-04-2013,37,133,951,173,0,3,6,1
3381,1953,08-06-2014,51,0,16,0,0,2,4,0
8268,1961,11-07-2013,23,0,27,10,0,6,7,0
11051,1956,10-05-2014,72,19,110,16,12,6,10,0
8026,1952,30-09-2013,10,58,73,65,89,5,5,0
433,1958,10-03-2013,42,5,47,0,5,11,6,0
9597,1969,10-02-2014,10,106,189,23,41,7,9,0
1295,1963,11-08-2013,96,65,196,38,71,6,7,0
5290,1964,14-08-2013,51,0,33,3,0,5,5,0
1685,1967,17-03-2013,21,14,590,38,44,4,13,0
5342,1976,08-08-2012,31,1,3,10,6,1,3,0
9579,1959,07-07-2013,61,1,34,2,0,2,2,0
7660,1973,19-05-2014,37,0,8,4,2,1,2,1
1461,1965,28-07-2013,74,1,12,3,1,2,3,0
821,1992,19-10-2012,46,61,921,52,61,5,12,0
11084,1976,14-11-2013,4,0,232,13,20,3,7,1
8690,1962,19-04-2013,73,28,756,36,40,5,10,0
2937,1974,28-08-2013,47,16,132,43,33,8,9,0
9701,1988,19-03-2013,13,34,41,73,16,4,3,0
9949,1976,18-10-2012,36,16,141,32,41,3,6,0
10837,1975,28-10-2012,47,1,18,20,11,2,3,1
3120,1981,28-08-2013,49,1,10,0,1,1,2,0
5885,1973,22-08-2012,94,3,90,12,1,4,4,0
4050,1966,21-06-2014,65,16,29,12,20,2,4,0
3830,1953,24-04-2014,59,21,78,39,13,4,7,0
7987,1969,07-03-2014,96,17,48,23,13,8,6,0
7798,1972,14-12-2012,28,20,57,8,20,7,5,0
92,1988,12-05-2014,12,7,24,19,14,3,4,0
7055,1952,09-10-2012,57,0,57,0,0,8,11,0
10240,1949,19-02-2013,10,26,269,34,13,10,6,1
3025,1958,08-07-2013,4,6,69,4,12,6,5,0
9283,1978,12-09-2013,49,1,7,2,0,0,3,0
9970,1977,17-10-2013,3,11,57,10,28,1,6,0
2730,1955,20-08-2013,64,11,387,149,91,3,10,0
2795,1958,01-07-2013,0,0,3,0,0,1,2,0
9260,1945,05-11-2012,20,16,249,43,16,10,9,0
8182,1984,05-01-2014,91,3,49,7,4,3,4,0
10095,1975,01-05-2013,9,12,240,16,12,5,10,0
8475,1973,01-03-2014,98,2,1582,1,2,0,0,0
4370,1966,13-11-2013,83,1,32,6,3,2,4,0
10573,1953,18-11-2013,27,16,98,134,21,6,4,0
3712,1959,28-08-2013,63,5,33,7,0,3,6,0
6637,1988,02-11-2013,46,162,305,173,76,3,7,0
3152,1957,25-02-2014,84,10,19,8,17,2,3,0
5610,1965,21-04-2014,58,3,10,8,1,1,3,0
6460,1982,13-07-2013,78,4,6,11,8,2,3,0
1349,1970,21-04-2014,4,7,24,2,3,3,3,0
1880,1959,30-01-2014,17,0,6,0,0,2,3,0
641,1967,04-04-2014,77,0,12,0,0,2,2,0
8717,1975,12-09-2012,56,71,449,69,71,11,8,0
10314,1948,16-12-2012,79,66,119,86,89,9,5,1
10854,1970,23-05-2014,90,0,14,0,0,2,3,0
10492,1959,24-06-2014,96,0,5,2,0,0,3,0
6935,1951,01-12-2013,44,26,447,75,0,5,12,0
7698,1976,11-05-2014,81,3,22,2,5,4,4,0
3559,1988,10-05-2014,77,11,10,3,12,2,3,0
10562,1946,28-09-2013,21,26,195,34,17,6,13,0
10796,1984,22-01-2014,16,1,6,0,0,1,3,0
2563,1961,15-06-2014,80,9,7,2,14,2,3,0
3518,1983,05-12-2012,45,1,18,10,4,1,2,0
5823,1970,08-03-2014,63,0,2,0,0,1,4,0
3934,1966,02-08-2013,34,0,107,19,9,7,8,0
6982,1976,19-03-2013,14,30,537,140,76,4,9,0
6431,1964,23-02-2013,13,1,18,3,0,2,3,0
9733,1978,09-09-2012,52,4,10,29,0,1,2,0
5602,1989,17-05-2013,98,22,432,147,113,8,12,0
7829,1900,26-09-2013,99,6,8,7,4,2,2,0
1324,1988,30-05-2013,93,3,21,3,19,3,3,0
326,1973,18-02-2013,38,6,45,8,9,5,6,0
7224,1977,29-12-2013,24,0,10,3,1,1,2,0
6999,1980,13-05-2014,80,16,106,32,16,7,12,0
9938,1954,19-09-2013,82,17,813,27,173,4,6,0
6422,1954,17-01-2013,20,189,482,50,33,5,5,0
3182,1973,31-03-2014,81,1,79,7,1,5,3,1
7300,1952,29-06-2014,50,4,34,6,4,8,7,0
10424,1968,09-12-2013,60,138,553,224,23,4,9,0
8727,1978,14-10-2013,63,43,337,42,87,11,9,0
2798,1977,02-11-2012,54,29,138,76,176,7,10,1
1030,1965,17-07-2013,72,0,13,0,0,1,3,0
624,1984,10-11-2012,5,4,1,7,2,0,2,1
5176,1988,08-12-2013,88,6,13,7,6,1,3,0
5552,1963,13-05-2013,50,18,113,47,13,4,5,0
868,1966,08-06-2014,99,0,7,0,0,2,3,0
380,1954,10-09-2012,17,48,320,42,32,11,9,1
2677,1956,31-03-2013,11,24,68,65,4,3,6,0
6521,1954,18-03-2014,18,22,319,33,102,4,9,0
6927,1968,05-10-2012,70,0,30,0,0,5,5,0
2877,1974,21-01-2013,21,0,59,19,9,7,8,0
0,1985,04-05-2013,66,10,554,254,87,3,9,0
1584,1977,01-04-2014,79,7,171,25,19,8,5,0
7264,1978,12-05-2014,2,0,4,0,0,1,2,0
6274,1948,15-11-2013,81,16,417,42,48,8,6,0
1377,1954,31-08-2013,24,4,33,0,0,4,5,0
454,1980,14-11-2012,48,32,162,42,32,11,11,0
1755,1988,11-04-2014,93,11,25,29,1,1,4,0
2075,1969,14-11-2013,56,10,540,80,30,3,7,0
4785,1970,14-04-2014,3,7,154,19,0,6,11,0
9076,1980,05-01-2013,44,1,25,0,1,4,4,0
7079,1962,08-09-2012,38,23,207,15,11,9,12,0
4653,1978,26-03-2013,46,0,16,2,1,3,4,0
7375,1976,25-10-2012,84,7,79,0,11,8,4,0
709,1952,09-12-2012,27,20,204,0,0,2,11,0
460,1972,08-08-2012,72,86,740,67,51,3,8,0
3726,1986,16-02-2014,66,1,9,3,0,1,2,0
6798,1966,20-03-2013,30,7,137,4,15,5,8,1
5341,1962,05-01-2013,2,76,184,180,138,6,4,0
1606,1971,15-05-2013,65,1,8,4,3,1,2,0
9617,1951,16-04-2014,37,4,5,6,0,1,3,0
3233,1965,23-03-2013,89,21,464,28,10,7,11,0
89,1975,09-12-2013,49,9,20,6,8,2,4,0
2936,1982,04-12-2013,46,0,4,0,0,1,3,0
9449,1958,04-10-2013,32,5,124,15,35,5,11,0
7297,1973,26-12-2013,54,3,10,12,7,3,3,0
11004,1893,17-05-2014,23,0,5,7,0,1,2,0
313,1968,28-10-2013,98,61,757,186,163,6,10,0
9940,1958,23-12-2012,97,114,276,75,124,6,4,0
10735,1971,31-07-2013,75,1,7,2,1,2,2,0
9529,1990,28-11-2013,8,153,503,218,13,3,9,1
6439,1958,17-08-2012,37,0,133,0,28,11,8,0
7411,1964,05-06-2014,31,0,5,0,0,1,3,0
2176,1972,20-05-2013,40,16,272,104,0,5,6,1
9265,1953,09-01-2013,74,64,179,133,12,9,6,0
8867,1988,31-08-2012,90,134,768,150,38,4,5,0
8932,1969,29-10-2012,57,28,183,220,70,9,6,0
10236,1975,16-09-2013,59,3,25,6,1,2,3,0
6340,1985,27-10-2013,52,3,7,0,2,1,3,0
10089,1974,05-04-2013,5,148,444,32,172,6,13,1
2227,1958,22-09-2012,92,47,52,21,20,3,5,0
10992,1967,29-08-2012,77,28,353,45,42,4,11,0
5304,1974,13-10-2012,35,0,8,0,0,1,3,0
309,1961,16-10-2012,48,21,118,13,10,8,5,0
3406,1964,22-10-2012,97,33,87,28,24,3,7,0
2661,1964,04-06-2013,95,4,2,10,6,2,4,0
3153,1957,08-12-2013,24,0,4,0,0,1,2,0
10264,1979,10-10-2012,60,2,8,4,3,1,2,1
1184,1968,22-05-2013,46,41,215,11,0,10,10,0
4200,1970,17-06-2014,85,2,62,24,13,4,6,0
9396,1978,23-11-2012,31,0,6,4,1,1,2,0
2387,1952,03-02-2013,9,2,71,3,2,5,4,1
6690,1966,14-03-2013,30,4,22,4,2,3,3,0
1225,1963,26-06-2014,47,84,398,205,84,3,8,0
9703,1970,15-10-2012,70,2,35,0,1,3,2,1
291,1970,19-06-2013,13,74,298,162,149,3,6,0
4557,1970,04-10-2013,11,7,19,8,2,2,2,0
2379,1953,22-09-2012,31,44,499,95,73,3,5,1
5726,1983,20-03-2014,15,7,23,0,8,3,4,0
3066,1975,04-02-2014,2,0,43,6,2,4,4,0
6336,1960,06-04-2014,55,2,14,8,7,2,4,0
10967,1963,06-02-2013,38,6,40,3,7,2,4,0
2304,1963,16-09-2013,86,7,99,10,22,6,12,0
3445,1956,17-01-2013,56,162,224,101,92,7,10,1
7828,1981,30-04-2014,29,129,396,188,22,3,5,0
3762,1986,02-04-2013,30,0,512,33,130,3,8,1
4391,1968,21-04-2013,64,15,100,20,7,9,9,0
4669,1981,11-02-2013,46,19,9,28,25,3,4,0
10144,1976,25-10-2012,84,7,79,0,11,8,4,0
8652,1946,31-08-2012,20,5,38,150,12,4,6,0
1672,1974,01-03-2014,74,7,149,20,15,5,8,0
8962,1975,17-04-2014,18,0,8,0,0,2,3,0
9974,1974,12-07-2013,75,6,20,4,5,3,2,0
10983,1952,29-01-2013,17,98,230,150,74,6,13,0
8148,1956,08-01-2013,88,28,242,55,114,6,12,0
10102,1966,12-05-2014,19,183,565,166,141,5,5,0
4697,1949,13-06-2013,62,3,81,4,3,7,5,0
9262,1984,04-07-2013,11,6,5,0,9,1,3,0
7254,1969,27-12-2013,74,0,56,20,8,3,3,0
4543,1980,31-10-2012,32,129,573,216,21,2,9,0
4927,1971,15-01-2014,76,3,22,21,1,3,3,0
10451,1965,12-03-2013,6,1,3,0,4,0,3,0
2926,1952,23-08-2012,62,0,80,0,13,3,11,0
2874,1988,07-03-2013,20,4,7,4,3,1,3,0
9738,1986,13-01-2013,43,4,16,0,4,3,3,0
7119,1982,12-01-2013,45,15,263,60,54,2,6,0
3924,1965,17-03-2014,34,0,80,0,0,8,12,0
5827,1958,16-04-2014,53,0,12,2,2,3,3,0
5596,1956,12-10-2013,44,14,154,19,0,9,9,0
10812,1978,01-03-2014,89,0,46,4,3,2,3,0
1717,1988,13-04-2014,43,15,93,20,13,5,4,0
9491,1984,27-12-2013,68,1,21,2,3,3,3,0
9274,1961,28-03-2013,44,147,112,219,147,6,9,0
6609,1966,18-09-2012,64,26,25,17,23,3,3,1
6963,1947,05-03-2014,85,11,400,15,45,2,10,0
4440,1964,10-09-2013,93,0,27,0,0,8,6,0
1379,1992,27-04-2013,12,2,46,20,4,4,4,0
10032,1976,18-01-2014,86,5,14,2,12,3,3,0
2826,1967,28-10-2013,28,0,8,2,0,2,3,0
2437,1989,03-06-2013,69,138,461,60,30,6,12,0
6320,1976,06-02-2013,42,44,561,77,44,6,10,0
3050,1966,17-12-2013,13,0,28,3,2,3,6,0
231,1956,11-03-2014,86,0,7,0,0,2,3,0
2392,1972,29-07-2013,59,4,21,6,0,3,3,0
9478,1985,14-08-2012,30,64,128,65,3,4,6,0
113,1951,16-07-2013,33,0,7,3,1,1,3,0
2863,1970,23-08-2013,67,20,172,52,50,2,10,0
1802,1971,17-01-2013,23,5,119,38,29,3,12,0
520,1974,01-07-2013,81,3,7,6,2,1,2,0
8275,1965,09-02-2014,6,0,3,0,0,1,2,0
9750,1961,07-02-2013,41,60,353,78,12,10,5,0
2607,1953,11-01-2013,78,17,118,7,23,8,8,0
7214,1957,05-07-2013,49,0,275,45,45,4,5,0
5835,1976,02-07-2013,39,2,28,3,2,2,4,0
3896,1984,07-11-2013,3,1,11,0,1,1,3,0
10350,1950,09-05-2013,37,0,5,0,0,1,3,0
7786,1986,13-02-2013,22,7,59,10,5,3,4,0
2861,1983,16-04-2013,79,1,6,3,0,1,2,0
663,1989,11-09-2013,46,2,15,8,0,1,3,0
10675,1956,03-04-2013,82,11,218,0,0,9,5,1
2521,1971,10-01-2013,10,1,13,2,2,1,2,1
9592,1983,30-06-2013,51,2,9,3,0,2,3,0
10151,1960,12-09-2012,38,46,247,151,46,4,12,0
7381,1968,06-12-2012,10,153,293,72,97,11,6,1
4099,1972,12-11-2012,14,2,16,11,2,1,3,0
9560,1965,03-03-2013,18,61,570,40,25,7,8,1
1150,1899,26-09-2013,36,144,562,104,64,4,4,0
10172,1988,10-08-2012,95,19,832,75,118,4,11,0
11191,1986,07-12-2013,11,32,38,11,3,2,4,0
9707,1969,23-11-2012,65,0,45,0,0,4,11,0
6245,1950,13-06-2013,71,14,68,19,14,3,8,0
8234,1973,15-08-2013,13,6,7,0,1,1,2,1
1411,1952,10-11-2013,58,34,204,172,153,2,4,0
8553,1965,23-06-2013,65,0,9,0,0,1,3,0
1826,1970,16-06-2014,0,104,379,111,189,4,6,1
8842,1971,25-12-2012,33,0,12,7,3,2,3,0
11030,1976,03-01-2014,90,0,3,0,0,1,2,0
2579,1957,17-12-2013,95,33,255,11,33,6,9,0
175,1986,10-01-2013,93,80,455,52,107,8,8,0
9185,1966,28-10-2013,38,20,514,13,30,4,5,1
11056,1974,27-10-2012,18,91,410,119,0,3,10,0
9365,1976,22-12-2012,57,0,217,0,0,11,5,0
6201,1978,29-11-2013,45,2,14,0,1,2,3,0
2061,1955,11-05-2013,61,0,11,0,0,2,4,0
6184,1969,12-12-2012,6,64,785,84,128,3,8,0
6142,1943,20-08-2013,65,17,177,69,0,5,5,0
4107,1948,08-10-2013,52,15,69,15,19,4,4,0
7274,1957,28-09-2012,87,163,818,212,163,4,10,0
9336,1969,22-03-2014,38,0,83,0,0,6,10,0
2958,1978,24-02-2014,53,3,10,11,8,2,4,0
933,1978,23-11-2012,31,0,6,4,1,1,2,0
5837,1967,28-12-2012,67,8,160,6,8,6,6,0
10704,1969,21-08-2012,65,0,92,28,27,6,9,0
5125,1960,17-05-2013,64,0,815,129,42,4,11,0
4432,1976,16-03-2013,82,3,20,6,11,2,3,0
5955,1962,17-11-2012,27,33,549,151,133,4,8,0
2928,1975,01-12-2012,63,0,142,12,9,2,8,0
5680,1984,22-04-2014,66,4,7,0,6,1,3,0
10313,1975,28-10-2012,69,4,45,6,2,5,4,0
2557,1970,29-08-2013,52,1,6,3,1,1,2,0
1245,1966,11-11-2012,45,12,253,16,12,4,12,0
1519,1972,22-06-2013,2,4,22,3,3,3,3,1
10703,1975,18-08-2012,86,0,27,0,0,3,2,0
1726,1970,18-03-2013,23,9,15,13,2,1,2,1
4459,1989,30-12-2012,13,4,14,4,4,1,3,0
1729,1961,02-10-2013,14,24,97,32,24,3,10,0
1517,1969,14-06-2013,92,9,13,2,12,1,3,0
2098,1969,08-01-2013,38,0,5,0,0,1,2,0
9543,1985,14-11-2013,74,6,5,0,2,0,3,0
6878,1954,12-12-2012,14,12,96,78,40,4,6,0
3310,1973,22-08-2012,94,3,90,12,1,4,4,0
2724,1981,30-03-2014,33,0,1,0,0,0,2,0
948,1971,15-05-2013,32,7,7,6,4,1,2,0
6720,1968,16-10-2013,11,11,53,4,3,7,4,1
6202,1960,05-10-2012,78,50,142,33,50,4,13,0
2066,1949,30-08-2012,56,0,11,2,8,2,3,0
9799,1968,08-05-2013,57,21,151,28,21,2,12,0
8318,1979,03-01-2014,7,134,786,33,134,5,8,0
5642,1979,09-12-2013,0,4,61,0,13,3,6,0
2669,1993,04-05-2014,66,152,335,93,91,5,6,0
455,1946,18-04-2013,86,9,63,2,9,4,4,0
7683,1968,25-02-2014,80,35,113,0,7,5,12,0
3428,1991,06-10-2013,56,0,505,99,30,4,10,0
7414,1971,15-09-2012,18,1,42,12,3,3,4,0
6354,1984,31-08-2012,51,2,16,3,2,1,2,1
798,1987,24-12-2012,71,0,6,8,6,1,3,0
8213,1980,09-11-2012,71,4,9,6,36,2,3,1
2488,1956,23-03-2013,80,1,25,0,8,2,3,0
9999,1965,27-09-2012,2,105,125,137,42,9,9,0
7617,1974,15-08-2013,83,5,61,3,8,2,5,0
615,1960,11-03-2013,29,36,74,38,20,5,4,0
2552,1955,22-10-2013,11,0,26,0,0,6,6,1
194,1965,09-06-2014,55,0,11,3,2,1,3,0
3645,1972,30-08-2012,19,3,26,10,9,2,4,1
8890,1971,30-05-2014,1,7,80,13,7,5,5,0
5049,1974,06-06-2013,19,0,24,3,3,3,2,0
9973,1963,17-10-2012,28,9,92,6,9,7,8,0
7301,1982,17-11-2012,76,22,11,3,7,3,3,1
10882,1976,09-11-2012,50,53,221,58,150,4,6,0
7030,1955,30-03-2013,1,0,204,38,29,11,12,0
7422,1987,22-08-2012,90,44,54,102,78,5,7,0
3523,1962,23-01-2013,83,34,309,0,22,5,8,0
7106,1943,31-03-2014,73,0,591,156,0,3,10,0
6504,1975,20-11-2013,24,5,9,28,6,2,3,0
5067,1994,14-02-2014,11,26,282,52,26,2,11,0
4216,1981,22-02-2013,33,114,108,179,137,7,9,1
8581,1971,05-03-2013,4,0,100,19,0,10,8,0
5929,1973,06-05-2014,14,3,19,3,1,2,3,0
3129,1983,22-05-2014,30,3,11,12,5,2,3,0
6528,1982,05-06-2014,75,2,2,2,1,1,2,0
1361,1974,04-06-2013,26,68,103,29,91,3,8,1
6932,1941,13-04-2013,77,42,716,55,0,7,5,0
7284,1953,04-12-2013,8,0,7,2,0,1,2,0
1340,1986,24-04-2014,42,137,792,179,103,6,13,0
8746,1989,05-04-2014,28,0,297,0,34,2,10,0
5987,1989,04-05-2014,52,2,11,10,6,1,4,0
3767,1968,25-04-2013,1,0,189,97,172,5,12,0
3725,1961,09-05-2013,1,16,349,43,16,2,9,1
4324,1989,29-10-2012,42,0,235,19,4,8,7,0
238,1967,23-01-2013,76,47,181,149,95,9,9,0
6694,1964,25-11-2013,27,66,400,12,38,8,13,0
498,1970,02-02-2014,28,0,22,2,3,1,4,0
9347,1956,21-06-2013,49,0,7,2,0,1,3,0
9699,1966,21-12-2013,12,35,271,28,28,6,12,0
10664,1949,07-09-2013,14,4,35,6,0,9,5,0
5455,1971,22-08-2013,89,0,15,2,1,2,4,0
456,1986,07-02-2013,96,11,5,4,6,2,3,0
5012,1989,04-07-2013,56,4,13,8,0,1,3,0
7495,1948,20-12-2013,72,28,31,16,0,2,5,0
5029,1946,06-08-2013,14,1,2,4,3,0,3,0
10642,1989,30-12-2012,13,4,14,4,4,1,3,0
2106,1974,17-03-2014,99,6,3,7,6,1,3,0
10364,1959,13-07-2013,72,0,1,2,12,1,2,0
5954,1972,09-10-2013,92,14,74,13,5,5,4,0
1137,1964,29-12-2013,87,190,537,61,156,4,7,0
2541,1976,09-06-2013,7,7,11,11,0,2,3,0
1142,1953,22-12-2013,91,7,82,30,66,3,9,0
2276,1955,02-05-2013,71,16,322,43,24,4,11,0
2807,1969,16-02-2013,24,38,161,62,47,8,7,0
6471,1971,17-10-2013,17,2,30,8,2,2,4,0
6131,1980,01-12-2013,87,70,106,72,19,4,8,0
6233,1976,07-09-2012,21,19,364,25,47,9,10,0
4148,1972,20-08-2012,90,24,103,12,3,5,6,0
4947,1966,15-09-2012,44,24,974,197,194,7,9,1
3225,1984,01-04-2013,71,11,72,3,17,4,5,1
7540,1952,25-05-2014,52,15,60,24,23,2,8,0
10648,1982,25-09-2012,78,96,447,220,96,5,6,0
1992,1964,01-01-2014,2,0,257,32,16,2,8,1
7851,1949,22-09-2013,60,0,253,199,191,3,11,0
8594,1958,28-01-2014,25,0,6,2,1,3,3,0
7059,1963,26-06-2014,47,84,398,205,84,3,8,0
2815,1975,24-02-2014,46,5,39,17,15,4,3,0
2416,1969,03-03-2014,83,25,420,16,38,2,9,0
7999,1955,23-04-2013,17,17,413,23,34,5,5,1
9213,1970,31-10-2012,13,1,5,2,0,1,2,0
9697,1951,06-03-2014,86,42,127,28,5,7,8,0
3916,1971,15-08-2012,92,8,166,11,8,7,12,0
2021,1975,27-03-2013,47,76,384,84,192,6,13,0
1581,1980,10-10-2013,18,0,8,2,2,1,2,1
564,1981,04-08-2012,81,8,125,11,8,8,9,1
6619,1978,02-01-2013,91,1,13,4,0,1,3,0
9081,1988,18-05-2014,58,1,6,4,1,1,2,0
178,1956,18-02-2013,40,0,193,110,75,8,11,0
916,1972,09-05-2014,67,3,4,2,0,1,3,0
5512,1977,23-05-2014,19,0,39,0,4,7,8,0
8970,1972,23-10-2012,93,22,39,6,0,6,7,0
10581,1977,31-10-2012,41,7,84,15,0,7,4,0
5300,1973,30-12-2013,60,7,19,0,1,2,2,0
5154,1972,11-08-2013,54,3,13,2,10,2,3,0
8346,1974,19-08-2012,26,15,35,25,11,6,2,1
1676,1975,30-10-2013,30,2,44,0,2,4,5,0
9286,1960,10-10-2012,93,28,100,120,74,5,4,0
2426,1964,14-09-2012,35,74,114,169,37,5,13,1
5172,1976,14-11-2013,4,0,232,13,20,3,7,0
5562,1974,26-06-2013,92,12,109,16,6,7,10,0
3436,1969,26-01-2014,24,0,5,2,1,1,3,0
3921,1952,28-10-2012,96,1,108,29,29,4,4,0
3403,1958,24-09-2012,11,19,594,99,76,2,12,0
22,1976,03-12-2012,99,2,88,15,5,6,5,0
10965,1955,22-02-2013,72,20,389,240,50,3,13,0
9426,1964,12-01-2013,77,0,69,10,0,2,3,0
6605,1944,27-11-2013,85,13,131,8,0,9,6,0
3136,1962,13-04-2013,88,25,265,25,19,5,11,0
8737,1978,05-04-2014,22,1,9,2,0,2,3,0
11088,1971,21-04-2013,83,0,322,46,35,4,4,0
716,1949,22-05-2014,63,0,356,63,28,6,11,0
466,1944,03-04-2013,9,14,218,91,14,4,13,0
9135,1950,06-08-2012,92,2,21,4,0,1,2,0
10623,1961,15-11-2013,2,0,4,0,0,1,3,0
8151,1990,29-12-2012,6,36,21,20,62,4,3,0
5140,1985,24-08-2012,66,0,140,67,38,4,12,0
10160,1956,21-06-2013,49,0,7,2,0,1,3,0
4945,1953,07-11-2012,29,10,239,28,10,10,12,0
10584,1976,02-12-2013,77,162,387,106,36,5,8,0
6071,1989,19-07-2013,77,70,324,146,40,3,11,0
3386,1992,21-06-2013,71,4,66,3,10,2,4,0
8939,1959,16-12-2012,49,138,65,60,26,5,12,0
9925,1981,25-05-2013,97,1,56,0,1,4,3,0
4320,1979,28-03-2013,6,83,300,86,58,6,12,0
5389,1964,20-10-2013,93,17,68,8,10,6,5,0
6036,1959,17-03-2014,78,92,408,72,129,5,7,0
182,1946,11-05-2013,62,0,55,0,6,6,5,0
203,1975,14-04-2013,47,20,613,80,61,5,9,0
11025,1961,03-02-2013,9,0,46,4,3,3,3,0
10203,1990,30-06-2013,77,7,9,3,1,1,3,0
4607,1959,23-08-2013,24,23,389,42,21,4,7,0
3711,1944,01-03-2014,19,134,670,25,38,6,10,0
3696,1965,27-01-2014,67,1,12,2,0,2,3,0
2532,1987,01-03-2014,95,73,351,56,14,2,6,0
9214,1991,16-08-2013,48,2,64,38,17,5,6,0
4943,1953,30-09-2012,73,33,216,0,33,2,9,0
35,1987,08-09-2012,35,1,64,16,12,2,3,1
2258,1986,04-12-2012,76,4,15,7,6,1,3,0
4322,1958,27-11-2013,20,38,319,16,25,4,10,0
713,1977,08-06-2014,72,15,153,67,31,4,6,0
4702,1964,12-08-2012,20,155,379,224,17,4,4,0
3281,1960,03-11-2013,69,10,67,30,27,4,8,0
702,1975,15-02-2013,80,61,83,97,57,4,8,0
2004,1969,18-09-2013,65,54,260,127,54,4,5,0
4769,1977,18-06-2014,52,4,24,0,0,8,6,0
4437,1962,24-04-2013,65,6,92,3,9,3,5,0
8724,1982,17-06-2013,57,3,22,2,2,2,3,0
10741,1951,11-04-2013,70,12,112,8,0,6,5,0
1991,1967,18-01-2014,0,0,11,0,0,2,3,0
6931,1967,15-02-2014,19,151,292,65,60,8,4,1
11096,1952,08-08-2013,50,4,32,37,54,2,7,0
304,1981,23-12-2013,67,3,19,4,5,3,3,0
3665,1977,07-11-2013,46,9,8,11,3,3,3,0
10591,1969,06-08-2012,37,10,83,7,19,4,4,0
5036,1984,28-11-2012,38,3,42,4,3,4,3,0
5547,1982,07-08-2013,9,19,403,0,19,7,6,1
7822,1976,04-06-2013,56,18,252,32,108,4,8,0
8541,1990,08-03-2014,98,4,10,6,7,2,4,0
10955,1964,07-01-2014,68,46,925,60,107,3,4,1
4368,1980,03-12-2013,72,7,43,20,12,3,4,0
9671,1968,26-01-2014,47,3,21,2,1,3,2,1
2256,1973,29-03-2014,33,0,3,0,0,1,3,0
4279,1963,31-03-2014,87,4,10,3,4,1,3,0
5371,1989,08-04-2014,0,16,24,11,0,3,2,1
9240,1971,07-02-2014,73,0,24,6,4,6,8,0
9460,1963,18-04-2013,74,3,47,19,21,3,2,0
9504,1949,06-11-2013,4,28,520,111,123,3,13,1
8692,1952,12-09-2012,50,17,97,15,6,4,5,0
448,1978,01-03-2013,57,85,137,102,45,6,11,0
8314,1982,05-04-2013,30,129,761,29,185,5,7,0
8420,1970,03-08-2013,27,4,13,15,8,2,4,0
3174,1959,22-05-2013,61,38,287,50,57,5,4,1
7685,1978,09-09-2013,4,8,12,8,8,2,4,0
3179,1980,16-06-2013,75,153,940,58,134,6,7,0
9780,1971,25-06-2013,12,25,132,136,0,8,13,0
10681,1970,15-01-2014,13,129,259,168,121,6,12,0
10232,1963,05-11-2013,9,18,81,28,6,3,7,0
4184,1950,07-06-2014,48,2,29,3,2,3,5,0
9120,1962,05-12-2012,80,10,161,65,40,4,9,0
891,1951,07-09-2013,60,0,2,2,0,1,2,0
10381,1979,05-07-2013,43,0,3,0,0,1,2,0
3525,1970,07-12-2012,19,0,4,0,0,1,2,0
6818,1974,12-09-2012,26,0,106,49,10,5,5,0
3526,1968,27-01-2014,58,0,5,0,0,1,3,0
8181,1978,13-09-2013,42,12,49,17,24,4,3,0
1029,1970,01-08-2013,27,5,44,0,10,5,5,0
7369,1981,02-10-2013,56,6,25,6,0,2,3,0
2574,1977,31-01-2013,27,12,144,0,0,6,8,1
8159,1968,01-04-2014,10,0,22,13,0,4,3,0
1160,1970,23-08-2013,48,4,17,10,2,3,3,0
10242,1966,16-09-2013,39,0,11,0,0,2,4,0
5253,1956,09-07-2013,85,13,46,17,2,4,4,0
5966,1974,10-11-2012,64,0,10,0,0,3,6,0
5314,1951,18-03-2013,69,3,27,39,6,7,5,0
5081,1967,20-10-2013,54,0,16,6,6,1,3,0
5123,1951,15-04-2013,57,12,23,8,11,2,3,0
5756,1983,03-04-2014,64,0,7,0,0,2,3,0
8036,1971,18-04-2014,10,1,13,7,2,2,4,0
9058,1955,23-09-2012,65,21,530,32,0,5,5,1
5057,1961,14-09-2013,74,47,188,54,47,4,10,0
254,1955,17-05-2014,4,4,30,6,4,7,7,0
4179,1959,20-08-2013,94,9,9,2,5,1,3,0
3710,1984,12-10-2012,41,0,35,6,4,2,2,1
7627,1975,12-12-2012,25,183,797,106,163,5,5,1
4501,1965,10-11-2013,94,127,635,132,127,3,9,0
6424,1977,30-01-2014,9,6,2,11,2,1,3,0
3075,1972,11-09-2013,47,30,168,20,34,3,7,0
4992,1975,19-09-2013,12,4,16,3,10,3,2,1
5252,1969,26-10-2012,80,12,18,7,1,2,3,0
7444,1969,19-10-2013,20,0,9,0,0,1,3,0
6919,1978,04-06-2013,39,7,15,13,9,2,3,0
3537,1981,17-08-2012,57,3,31,2,8,3,4,0
10277,1961,21-02-2013,27,0,2,0,0,1,3,0
2453,1960,31-08-2012,83,28,135,10,21,5,12,0
7972,1955,17-09-2013,79,32,519,71,75,3,9,0
895,1948,09-12-2012,69,16,114,0,5,5,10,0
1177,1966,26-01-2013,77,3,26,4,2,3,3,0
7141,1986,29-12-2012,15,10,46,2,3,5,2,1
7232,1973,11-02-2014,99,0,6,2,0,1,3,0
8477,1956,11-03-2013,61,1,13,3,5,1,3,0
2457,1975,26-10-2012,23,4,5,15,2,1,3,0
988,1965,07-05-2014,84,0,592,147,22,6,7,0
7930,1969,19-08-2013,74,13,76,20,18,3,6,0
4587,1944,18-07-2013,90,25,53,16,0,3,7,0
6682,1973,11-12-2012,41,8,1,4,7,1,3,0
6222,1967,28-10-2013,28,0,8,2,0,2,3,0
10299,1969,09-11-2012,73,91,248,64,49,6,13,1
3083,1974,26-07-2013,88,13,87,17,17,6,5,0
8953,1965,06-05-2013,94,0,5,0,0,1,3,0
1503,1976,03-06-2013,31,1,16,2,1,0,1,0
8650,1978,18-03-2013,31,6,10,6,5,1,3,0
10862,1960,17-08-2012,6,8,83,19,11,1,9,0
2782,1961,11-07-2013,23,0,27,10,0,6,7,0
6941,1971,14-07-2013,92,8,12,11,15,2,2,0
10972,1949,10-03-2014,52,35,169,58,17,4,6,0
10708,1978,28-12-2013,50,6,11,0,4,1,3,0
6583,1955,03-06-2013,54,22,323,104,35,6,6,0
3641,1976,20-01-2013,93,2,15,2,1,2,3,0
10156,1975,03-06-2013,56,63,507,231,31,8,7,0
4299,1960,21-09-2012,28,17,572,93,125,11,5,1
3469,1977,06-09-2012,94,18,33,24,1,3,3,0
5063,1977,18-12-2012,76,5,129,10,3,4,4,0
10727,1970,19-11-2013,43,107,199,39,30,7,13,0
9624,1958,13-06-2014,46,45,207,36,18,3,6,0
5156,1970,15-01-2014,13,129,259,168,121,6,12,0
4376,1960,15-02-2014,27,24,15,13,1,2,3,1
8923,1973,18-04-2013,12,22,732,42,198,6,7,1
8461,1962,10-03-2014,3,0,1,0,0,1,2,0
6945,1952,04-06-2013,72,20,713,38,54,9,11,0
944,1962,08-01-2013,6,103,69,8,44,4,7,0
1907,1950,28-09-2012,53,69,279,54,41,8,9,1
701,1971,06-11-2013,58,21,250,85,43,6,8,0
3856,1960,05-10-2012,78,50,142,33,50,4,13,0
4149,1948,13-05-2014,57,66,653,17,0,5,6,0
2131,1959,30-12-2012,37,89,102,16,12,9,6,0
2942,1964,07-05-2013,20,3,27,4,3,5,4,0
1173,1947,10-03-2013,73,105,758,0,42,4,6,1
4381,1971,18-08-2013,56,2,40,8,11,3,6,0
4611,1970,21-01-2013,36,181,104,202,21,9,13,1
3376,1970,13-12-2013,9,6,73,8,4,3,6,0
4679,1977,23-05-2014,42,0,152,119,50,7,12,0
10928,1958,16-09-2013,28,4,62,41,31,7,7,0
4248,1960,17-02-2014,23,19,711,125,115,4,9,0
6728,1985,27-08-2012,38,0,17,6,3,1,3,0
6661,1974,12-08-2012,63,80,217,29,80,9,12,0
4725,1950,13-04-2014,71,2,25,0,1,1,4,0
3277,1955,03-08-2012,9,3,100,26,0,7,5,0
5555,1975,07-02-2014,81,1,1,1,1,0,0,0
2564,1953,04-01-2014,87,3,28,2,6,3,4,0
946,1958,22-09-2012,92,47,52,21,20,3,5,0
3867,1947,31-08-2013,36,112,420,0,82,9,13,0
6940,1966,21-10-2013,86,1,39,6,1,3,3,0
55,1963,07-12-2012,83,0,65,7,11,7,9,0
7093,1985,14-11-2013,74,6,5,0,2,0,3,0
5084,1975,25-12-2013,87,53,213,104,98,6,13,0
1777,1980,07-09-2012,29,2,11,41,7,2,3,0
8162,1956,01-01-2013,88,1,11,6,2,1,3,0
10826,1959,28-12-2012,77,1,7,23,4,1,2,0
8754,1974,16-05-2013,25,0,3,0,0,1,2,0
1987,1987,25-09-2013,34,10,11,19,3,2,3,0
11007,1968,09-05-2013,43,0,6,0,0,1,3,0
7426,1971,07-11-2013,76,16,37,7,9,3,5,0
9153,1964,29-07-2013,81,61,428,80,51,7,10,0
10379,1962,08-11-2013,87,9,122,19,14,5,9,0
9204,1970,12-09-2012,33,159,194,58,106,4,6,0
3197,1980,16-12-2013,38,59,107,69,101,6,8,0
2920,1975,01-12-2012,63,0,142,12,9,2,8,0
6961,1974,22-05-2014,26,1,5,0,3,1,2,0
4673,1963,30-10-2012,17,12,145,32,12,10,5,1
9937,1979,02-01-2014,75,81,149,25,43,2,12,0
8779,1985,16-06-2013,13,4,76,17,1,4,3,1
9596,1980,23-12-2013,19,32,117,34,110,3,13,0
2891,1963,18-10-2013,51,23,123,10,23,8,4,0
4910,1967,30-08-2012,81,134,384,175,134,11,13,0
75,1982,25-07-2013,32,11,137,179,61,8,5,0
10120,1955,24-10-2013,84,6,82,6,6,3,6,0
6327,1967,19-12-2013,87,32,435,28,32,2,6,0
10142,1976,07-03-2013,99,18,126,47,48,5,11,0
9826,1972,12-09-2012,96,102,838,133,102,5,10,1
1501,1982,04-08-2012,21,16,1622,17,3,0,1,0
10767,1989,16-05-2014,40,40,480,0,40,3,12,0
7279,1969,30-09-2013,3,86,559,63,9,4,4,0
7230,1960,04-10-2012,98,0,24,6,0,4,7,1
143,1970,25-08-2013,73,0,224,119,49,5,4,0
450,1958,12-07-2013,90,15,80,17,11,1,4,0
9316,1952,02-11-2013,29,0,7,3,7,1,3,0
6379,1949,29-05-2013,3,1,20,0,2,2,2,1
9239,1961,26-07-2013,94,4,18,3,3,2,4,0
8315,1995,26-03-2014,65,2,11,2,0,1,2,0
2868,1949,08-04-2013,33,1,28,3,3,2,3,1
10888,1961,03-11-2013,46,11,178,62,83,8,6,0
1277,1960,09-04-2014,29,22,388,104,22,10,10,0
9977,1973,17-09-2013,99,11,309,33,26,9,5,0
10196,1978,12-03-2014,26,123,177,15,64,8,8,0
6384,1978,11-02-2014,30,12,278,0,12,5,11,0
8029,1988,29-04-2014,27,32,352,21,16,3,7,1
968,1968,26-12-2013,24,19,21,16,14,4,4,0
6988,1986,10-01-2013,93,80,455,52,107,8,8,0
4472,1970,27-06-2014,34,0,8,6,2,1,3,0
6991,1951,10-04-2013,88,6,42,16,6,9,6,0
3336,1948,21-11-2013,96,0,45,0,0,2,5,0
4301,1971,10-01-2013,10,1,13,2,2,1,2,1
1940,1986,12-07-2013,26,3,4,2,2,1,2,0
1272,1965,21-10-2012,49,58,83,32,0,7,10,0
1388,1975,20-02-2013,11,10,21,19,14,2,3,0
1044,1953,14-05-2013,44,5,201,21,21,5,8,0
6969,1982,07-08-2013,75,13,66,43,8,4,5,0
10479,1975,07-12-2012,64,40,294,121,160,3,5,0
3619,1960,23-09-2012,19,25,501,63,138,5,8,1
1715,1978,11-02-2013,45,4,18,7,5,2,3,0
10159,1970,31-03-2013,77,81,368,0,122,11,9,0
1463,1958,29-03-2014,9,2,5,3,0,1,2,0
5114,1965,19-12-2012,1,9,249,0,28,5,5,0
4990,1954,02-05-2013,90,0,134,28,28,11,8,0
4329,1984,23-05-2014,43,0,6,2,1,1,3,0
10936,1965,13-02-2013,79,166,597,172,166,5,4,0
4692,1976,01-08-2012,19,0,12,13,7,4,2,1
7212,1966,08-06-2014,99,0,7,0,0,2,3,0
6086,1955,23-11-2013,62,25,706,80,76,6,12,0
437,1976,25-01-2014,41,142,218,164,58,3,11,0
11171,1965,11-10-2013,60,3,77,10,3,6,5,0
11101,1991,15-04-2013,17,22,132,59,28,11,8,0
5329,1949,27-09-2013,24,0,3,0,0,0,3,0
610,1953,07-08-2012,60,4,78,6,0,7,6,0
9384,1978,12-06-2013,57,9,124,12,24,4,10,0
5956,1948,16-10-2013,74,2,99,7,2,6,4,0
10430,1973,09-10-2013,22,28,211,37,28,4,4,0
7875,1949,29-04-2014,46,0,617,43,50,4,13,1
7072,1973,29-03-2013,69,79,341,177,136,8,4,0
6255,1952,03-06-2014,29,39,63,55,18,4,7,0
6516,1989,18-03-2013,37,0,1,7,4,1,2,0
5564,1969,09-08-2012,26,133,497,78,24,7,6,0
5682,1953,23-03-2013,8,10,86,13,21,6,11,0
7458,1956,06-03-2013,26,2,25,4,3,3,3,0
5237,1950,01-01-2014,79,1,21,3,0,2,3,0
7761,1978,01-08-2013,71,11,24,13,8,3,4,0
5278,1964,25-01-2014,83,26,360,138,31,6,5,0
3560,1952,12-05-2013,57,31,345,75,31,4,11,0
7235,1975,09-12-2013,37,5,12,4,8,2,4,0
10548,1995,09-03-2014,30,17,372,138,106,3,12,0
2281,1970,15-09-2013,34,3,7,0,3,1,2,0
4073,1954,29-01-2014,0,80,252,15,34,10,7,1
6974,1972,31-12-2013,89,42,742,55,56,6,5,0
7938,1958,03-10-2013,92,8,66,17,4,3,10,0
7094,1975,25-12-2013,87,53,213,104,98,6,13,0
3667,1969,28-02-2013,20,178,689,41,27,8,11,1
7723,1979,02-05-2014,56,93,374,104,80,8,6,0
3870,1978,09-02-2013,28,35,314,93,116,7,13,0
4012,1972,11-08-2012,55,12,375,16,12,7,5,1
5909,1964,19-09-2013,25,10,101,13,0,3,8,0
10470,1979,15-03-2013,0,2,23,0,4,2,3,0
6488,1959,06-04-2014,86,0,7,0,0,3,2,0
10270,1981,03-10-2013,8,5,22,12,5,3,3,0
6887,1967,24-04-2014,33,16,223,21,43,8,8,0
6406,1988,28-10-2013,13,107,391,175,67,6,10,0
7573,1978,10-05-2013,12,1,9,2,1,2,2,1
4508,1952,22-05-2014,92,35,305,46,17,2,5,0
221,1955,27-04-2013,90,3,38,4,0,3,4,0
5331,1977,11-09-2012,8,51,898,247,0,3,7,0
1911,1987,05-09-2012,6,97,291,127,133,11,12,0
20,1965,01-09-2013,91,12,23,29,15,2,4,0
8786,1956,26-05-2013,52,7,74,10,0,6,7,0
10582,1979,03-07-2013,3,32,348,76,32,5,12,0
1915,1951,12-12-2013,57,115,243,150,0,8,6,0
8897,1965,24-04-2013,9,5,91,28,26,7,7,1
2371,1972,13-04-2013,22,1,22,3,4,2,4,0
4303,1957,08-12-2012,76,2,12,2,2,0,1,0
6825,1953,06-03-2013,86,0,3,0,0,1,2,0
1072,1965,30-08-2013,64,0,17,0,0,2,3,0
4964,1958,26-01-2014,90,11,392,75,0,2,4,0
2461,1955,18-12-2013,79,1,11,0,1,1,3,0
10736,1971,12-09-2013,28,0,522,227,120,6,5,0
3194,1974,05-04-2014,86,12,546,78,182,4,10,0
10839,1976,14-04-2014,42,5,5,8,0,1,3,0
49,1970,11-05-2014,39,3,6,4,1,1,2,0
4290,1972,19-03-2014,8,3,8,2,5,1,2,0
10219,1972,18-06-2013,40,2,15,6,6,1,3,0
4211,1986,29-10-2012,5,12,5,3,16,2,3,0
1135,1960,15-02-2014,96,2,19,0,2,3,4,0
6299,1968,02-01-2013,28,48,186,39,18,6,4,1
10846,1978,29-05-2014,22,9,125,25,4,7,8,0
347,1976,08-09-2012,30,27,71,13,3,7,5,0
6543,1945,15-01-2013,45,168,706,80,76,3,4,0
10446,1957,07-11-2012,58,23,446,30,23,5,7,1
3479,1950,19-07-2013,49,8,11,12,2,2,3,0
11075,1978,29-10-2013,37,2,64,7,2,3,5,0
4442,1961,05-04-2013,70,19,35,26,14,1,5,0
199,1962,20-01-2013,33,3,60,12,9,4,7,0
6722,1954,28-06-2014,98,28,136,75,14,10,7,0
796,1965,23-10-2012,17,44,212,46,8,11,8,0
3749,1973,02-03-2013,54,91,597,159,91,6,12,0
8523,1968,14-12-2013,39,1,16,12,2,4,3,0
310,1970,13-12-2013,81,5,159,36,27,4,9,0
8629,1956,26-03-2013,71,1,10,2,1,1,3,0
236,1951,19-01-2013,62,23,29,29,14,2,4,0
9930,1944,05-11-2013,8,148,228,15,148,6,13,0
3483,1958,06-04-2013,76,43,204,153,58,2,12,1
4599,1976,04-11-2013,66,0,26,0,0,7,7,0
7326,1971,23-03-2014,83,1,19,2,7,1,3,0
7352,1957,21-10-2013,28,28,136,32,3,3,6,0
2350,1972,22-03-2013,87,53,178,23,17,3,8,0
9145,1972,06-04-2013,43,26,470,123,161,5,6,0
2964,1981,16-10-2013,0,10,8,3,16,1,2,0
5585,1972,20-04-2013,1,2,17,6,1,2,3,1
9687,1975,31-05-2014,1,174,256,50,30,5,6,0
3732,1955,04-02-2013,72,0,239,90,69,5,9,0
6303,1986,23-11-2013,72,73,747,76,161,5,12,0
11176,1970,12-05-2014,12,9,83,19,4,5,7,0
2986,1976,12-03-2014,89,2,4,2,1,1,2,0
7462,1954,24-11-2012,67,0,226,51,157,10,4,0
3900,1972,29-03-2014,54,14,49,0,7,9,9,0
7034,1978,01-09-2013,34,7,9,13,6,2,3,0
9493,1980,05-05-2013,15,53,804,23,71,5,8,1
1143,1972,08-08-2013,43,10,13,3,11,2,3,0
1,1961,15-06-2014,0,5,64,7,0,7,7,1
3855,1963,18-04-2013,74,3,47,19,21,3,2,0
5536,1959,22-05-2013,61,38,287,50,57,5,4,1
5989,1959,16-04-2013,51,122,476,39,153,10,11,0
9499,1954,07-05-2013,97,15,287,20,0,3,7,0
6768,1962,12-01-2013,75,1,8,2,1,1,3,0
2150,1958,11-05-2013,83,28,409,73,56,8,4,0
6646,1984,01-03-2014,23,0,5,13,0,1,3,0
4887,1976,22-11-2013,65,5,28,11,1,2,3,0
8560,1992,10-09-2012,94,16,156,7,5,6,7,0
3321,1967,05-05-2013,42,5,90,0,16,7,7,0
11003,1980,02-10-2013,10,5,7,0,18,2,3,0
10402,1967,14-02-2013,94,1,9,2,1,1,3,0
9904,1956,29-03-2013,50,123,274,46,123,6,12,0
6141,1972,25-04-2013,46,9,97,0,6,6,5,0
5687,1980,23-09-2012,98,50,774,28,31,7,12,0
10856,1980,02-07-2013,42,0,6,0,1,1,3,0
5121,1977,21-03-2014,30,5,82,7,17,7,5,0
4186,1950,05-08-2013,11,6,15,12,8,2,3,0
368,1974,29-11-2012,61,65,52,10,44,3,6,0
3312,1988,12-05-2014,12,7,24,19,14,3,4,0
11121,1981,10-11-2012,76,14,28,16,3,4,3,0
5332,1960,27-07-2013,2,50,431,134,35,3,7,0
5848,1970,13-01-2014,43,74,929,97,55,5,7,1
10343,1991,29-09-2012,27,91,399,0,45,3,8,0
5935,1956,24-12-2012,60,7,140,0,7,7,8,0
2895,1963,23-10-2013,79,1,54,13,9,3,5,0
10262,1980,10-05-2013,96,2,15,0,10,3,3,0
7848,1974,13-06-2013,17,2,25,7,0,5,3,0
9477,1954,11-01-2014,0,0,102,21,32,6,9,0
4856,1957,06-11-2012,38,54,845,202,133,7,10,0
7186,1966,26-05-2014,43,0,2,0,0,1,2,0
5794,1974,17-03-2014,1,0,21,0,0,7,7,1
1456,1979,01-04-2013,25,199,303,234,9,10,12,0
4877,1973,04-03-2014,2,0,7,0,0,1,3,0
425,1985,19-02-2013,66,64,116,84,25,6,11,0
3007,1966,04-10-2012,49,2,10,0,0,1,3,0
1031,1989,05-05-2013,5,20,350,29,30,6,10,0
4297,1969,26-01-2014,71,2,18,6,1,2,3,0
807,1969,15-02-2014,35,2,89,0,0,6,4,0
9553,1987,09-01-2013,94,2,3,4,1,0,3,0
4271,1989,04-10-2012,80,35,69,84,41,4,6,0
4120,1975,17-12-2013,61,39,78,58,13,6,4,0
2036,1973,11-06-2013,29,11,119,10,3,4,8,0
115,1966,26-03-2013,0,11,68,25,7,5,8,0
4259,1986,24-09-2013,80,0,4,0,0,1,2,0
8687,1978,06-05-2013,54,62,90,68,20,2,8,0
2447,1979,17-10-2012,71,12,15,19,7,2,3,0
10140,1983,28-09-2013,27,0,396,23,0,5,4,0
9353,1959,06-01-2014,61,47,267,62,66,5,4,0
3623,1976,11-06-2014,55,0,16,17,4,4,3,0
738,1981,04-04-2014,35,13,57,24,15,3,4,0
7631,1978,06-10-2013,34,58,168,43,16,5,10,0
4789,1953,17-09-2013,95,22,500,210,143,4,5,0
773,1971,30-06-2013,64,4,93,12,9,6,4,0
10602,1983,14-02-2013,30,12,59,19,1,3,4,0
1446,1956,05-04-2014,12,68,569,89,45,6,12,0
3270,1978,17-01-2013,96,23,38,30,18,3,3,0
8443,1972,10-02-2014,16,10,12,3,15,3,2,1
9653,1975,16-10-2012,16,1,14,4,1,2,3,0
8916,1975,23-07-2013,78,1,5,0,0,0,3,0
8017,1981,19-06-2014,83,0,19,6,5,2,3,0
5830,1972,12-09-2012,96,102,838,133,102,5,10,1
4597,1970,02-07-2013,67,55,685,168,92,3,13,0
7023,1953,26-11-2012,87,2,55,0,5,6,4,0
8086,1959,11-12-2013,34,0,2,0,0,2,3,0
8825,1962,01-04-2013,46,14,156,82,24,9,5,0
2930,1978,16-12-2013,7,60,207,78,36,2,10,0
1928,1973,09-02-2013,73,3,20,4,1,2,3,0
7108,1965,08-09-2012,54,20,47,23,2,5,5,0
10925,1983,14-01-2014,93,31,446,40,56,3,11,0
9960,1991,30-04-2014,52,0,1,8,3,1,2,0
8800,1943,01-02-2013,53,8,206,160,49,7,5,1
9224,1972,12-12-2012,81,8,53,11,0,8,5,0
5519,1956,07-08-2013,8,58,161,76,51,6,4,1
5046,1958,23-01-2014,97,138,354,160,169,10,7,0
7037,1974,11-08-2013,50,55,134,15,0,4,8,0
905,1986,22-10-2013,38,17,18,6,10,4,3,0
8624,1958,06-02-2013,61,33,493,59,103,4,10,0
8945,1970,16-08-2013,46,0,11,0,1,4,4,0
6445,1967,14-07-2013,73,101,405,29,40,4,6,0
2727,1973,04-12-2013,19,21,69,39,3,3,6,0
6404,1969,24-03-2013,10,7,89,0,7,4,6,0
11074,1977,09-04-2014,94,92,391,194,11,3,10,0
10150,1961,21-11-2013,10,28,873,29,18,7,7,1
1968,1971,02-12-2013,37,1,5,10,0,1,2,0
6534,1974,04-01-2014,94,0,29,0,5,2,3,0
9485,1986,10-03-2014,23,9,49,24,3,2,6,0
7053,1966,29-06-2013,75,28,674,91,28,3,8,0
4654,1992,07-11-2013,40,12,523,63,60,3,5,0
9760,1963,25-01-2013,24,0,71,0,0,10,10,1
1048,1972,14-07-2013,11,3,67,8,9,3,4,1
10619,1994,03-12-2012,29,29,890,250,27,7,7,1
9308,1954,11-05-2013,51,61,265,138,61,3,6,0
10505,1960,26-12-2013,86,19,154,50,9,3,7,0
8362,1982,07-08-2013,9,19,403,0,19,7,6,1
2625,1954,17-11-2013,30,29,56,30,32,3,7,0
4637,1954,18-05-2013,73,64,464,146,0,6,9,0
9972,1955,13-04-2014,25,0,2,0,0,1,3,0
4483,1993,17-04-2013,67,26,473,220,12,2,6,0
4487,1969,24-01-2013,67,20,25,2,7,2,4,1
4988,1948,04-05-2014,58,6,20,0,5,1,4,0
8931,1986,18-05-2014,82,99,431,237,149,11,10,0
5871,1979,31-08-2012,98,28,217,10,24,6,6,0
2008,1978,10-02-2014,93,23,384,250,12,4,9,0
3139,1982,30-12-2013,53,111,704,145,55,4,10,0
10037,1993,04-05-2014,66,152,335,93,91,5,6,0
10673,1976,17-11-2013,6,80,466,17,13,6,5,0
5303,1974,08-04-2014,42,0,510,99,21,6,9,0
538,1989,10-02-2014,78,9,27,16,9,1,4,0
7922,1951,12-08-2012,29,0,72,12,0,11,10,0
5692,1989,22-12-2012,82,4,3,8,9,1,3,0
4843,1952,22-05-2014,92,35,305,46,17,2,5,0
6383,1971,25-05-2014,78,0,15,2,1,3,3,0
1628,1971,24-10-2013,54,21,311,167,75,9,4,0
1204,1970,22-05-2013,45,0,447,23,71,11,11,0
3673,1971,14-07-2013,59,17,238,23,24,7,11,0
760,1975,09-08-2013,8,7,76,110,15,8,9,0
8957,1952,10-06-2013,51,86,249,75,86,6,5,0
4128,1962,20-07-2013,51,12,54,16,6,7,7,0
6810,1983,28-05-2013,76,98,606,48,70,3,6,1
5386,1953,04-03-2013,62,24,790,160,45,5,5,1
8700,1986,22-12-2012,86,7,14,7,16,2,3,0
3202,1987,01-10-2012,60,0,48,0,0,4,10,0
1328,1982,16-02-2014,56,42,144,55,48,4,9,0
8405,1979,30-09-2013,83,25,51,23,25,4,5,0
6515,1977,06-12-2013,92,2,18,2,8,2,3,0
2882,1975,01-10-2012,31,28,142,49,18,3,9,0
7574,1979,10-05-2014,80,0,13,2,4,2,3,0
6387,1976,08-05-2014,39,0,17,0,0,2,3,0
5320,1973,29-01-2013,20,7,58,6,3,3,4,1
5048,1971,11-05-2013,53,6,43,19,5,3,2,0
8146,1976,11-05-2014,84,0,8,2,0,1,2,0
10031,1976,10-02-2013,50,2,23,3,1,3,4,0
5748,1965,01-12-2012,96,27,44,4,146,5,6,1
2134,1952,17-08-2012,94,5,233,69,41,5,8,0
1523,1973,07-05-2014,25,2,15,2,2,2,4,0
9665,1957,27-04-2013,48,3,30,4,0,5,5,0
4640,1967,21-09-2012,65,85,171,25,123,4,13,0
3635,1962,07-05-2014,69,0,37,7,0,6,8,0
3547,1969,30-12-2012,12,7,9,6,16,2,3,1
2456,1975,14-10-2013,84,4,46,0,17,2,5,0
5633,1980,25-06-2014,47,12,84,13,10,3,6,0
7801,1959,12-09-2013,87,107,227,7,59,5,11,0
10489,1973,19-08-2013,35,21,925,31,24,6,9,1
7011,1973,12-10-2012,47,2,27,0,9,3,4,0
2620,1974,13-04-2013,48,0,2,0,0,1,2,1
3933,1980,13-10-2012,46,36,234,86,72,10,6,0
10981,1988,02-02-2014,27,137,400,45,137,3,10,0
1734,1968,17-01-2013,37,0,11,4,2,3,4,0
10995,1988,12-11-2012,8,5,30,8,7,3,4,0
6357,1959,17-11-2013,29,35,75,63,57,7,7,0
9209,1971,14-10-2012,85,138,430,60,92,4,13,0
10286,1962,03-02-2014,2,8,407,150,35,2,13,0
2611,1959,01-08-2012,66,55,445,168,18,2,12,0
1600,1965,11-10-2013,60,3,77,10,3,6,5,0
3308,1952,03-01-2014,54,9,12,2,11,2,4,0
5407,1954,12-09-2013,70,17,133,11,0,10,7,0
2166,1960,12-07-2013,55,1,3,0,0,0,2,0
3955,1965,22-06-2014,20,1,1,1,0,0,0,0
6634,1979,07-08-2013,78,3,18,0,0,2,3,0
3056,1978,14-10-2013,63,43,337,42,87,11,9,0
5718,1950,15-08-2013,17,168,108,192,42,5,6,1
6872,1974,21-08-2013,43,3,84,4,7,4,8,0
8164,1978,25-11-2013,13,93,651,49,55,5,7,0
4580,1969,25-10-2013,46,22,708,89,91,9,9,1
9305,1976,12-05-2013,65,26,640,180,37,4,13,0
453,1956,29-06-2014,1,0,12,0,1,2,3,0
8545,1954,21-03-2014,6,17,311,45,69,2,10,1
9850,1972,29-11-2012,32,6,7,0,0,0,3,0
7378,1981,31-08-2012,34,5,136,7,5,10,6,0
7646,1989,18-02-2014,70,63,282,137,35,5,12,0
1640,1954,22-06-2014,49,0,16,0,6,1,4,0
5184,1995,26-03-2014,65,2,11,2,0,1,2,0
8492,1978,09-11-2013,25,0,545,95,58,8,10,0
11188,1957,25-02-2014,84,10,19,8,17,2,3,0
1212,1973,13-08-2013,7,25,292,130,41,8,6,0
9097,1956,03-11-2013,34,8,32,7,2,3,8,0
10473,1956,10-09-2012,38,19,288,25,0,6,9,1
7962,1987,09-10-2013,1,21,449,106,20,4,4,1
9984,1981,27-03-2013,25,16,144,28,5,8,4,1
5527,1987,13-02-2013,25,12,11,3,13,2,3,0
6374,1954,17-05-2013,50,2,31,0,2,5,4,0
7453,1954,02-02-2013,46,43,127,68,56,3,4,1
8952,1953,05-11-2012,96,46,288,20,38,6,10,0
241,1952,12-05-2013,57,31,345,75,31,4,11,0
8975,1968,26-01-2014,47,3,21,2,1,3,2,0
6119,1963,10-05-2013,52,0,3,0,0,1,2,0
5236,1979,25-08-2012,30,0,396,232,178,10,8,0
5723,1976,11-01-2014,63,1,31,2,1,1,5,0
1710,1978,07-03-2013,51,20,66,0,12,6,4,0
1970,1968,10-09-2012,14,0,21,7,0,3,3,0
5313,1971,18-04-2014,20,0,11,0,0,2,4,0
10634,1951,19-04-2014,56,67,165,30,43,4,8,0
7010,1965,07-04-2014,41,114,254,132,152,6,7,0
8562,1969,28-05-2013,72,4,73,15,6,2,7,0
3158,1973,03-01-2013,1,3,6,6,5,1,3,0
4436,1976,20-02-2013,27,42,24,15,20,2,4,0
5287,1973,19-06-2014,77,2,26,4,1,3,3,0
2445,1974,07-07-2013,87,1,24,0,0,2,3,0
6059,1953,04-03-2013,81,36,168,16,0,11,4,1
4550,1966,24-06-2014,51,0,3,0,0,1,3,0
4240,1978,03-11-2012,79,9,16,17,0,2,2,0
8911,1967,08-04-2013,11,53,172,116,77,5,9,0
3706,1978,21-08-2013,54,8,29,0,12,2,2,1
3628,1987,29-01-2013,93,8,11,19,12,2,2,0
10175,1958,01-08-2013,0,0,2,0,0,1,3,0
8985,1964,04-11-2012,54,80,161,120,11,10,10,0
5204,1971,29-06-2013,21,98,733,110,112,8,5,1
9220,1971,17-01-2013,58,172,961,125,115,8,5,1
9888,1969,25-06-2014,3,81,356,106,50,4,7,0
5263,1977,22-01-2013,99,10,13,3,8,1,3,0
1020,1973,12-05-2014,70,60,568,110,133,5,7,0
9503,1980,29-08-2012,65,33,130,41,26,5,5,0
10613,1958,26-02-2014,44,1,16,2,2,3,4,0
67,1972,18-09-2013,6,0,16,0,0,2,4,0
6019,1971,30-03-2014,9,3,9,4,4,1,2,1
5863,1953,29-05-2013,95,0,134,13,26,6,8,0
3717,1959,23-04-2014,70,24,29,6,24,5,6,0
6730,1954,03-11-2012,92,1,14,0,0,2,3,0
10749,1991,18-09-2012,62,18,66,7,12,0,0,0
4998,1962,23-05-2014,85,30,415,63,33,4,4,0
6287,1986,30-07-2013,2,0,16,0,0,1,2,1
5985,1965,13-10-2012,0,1,37,0,1,2,4,0
4754,1966,25-09-2013,91,11,33,13,6,2,4,0
4002,1960,13-10-2013,3,96,333,168,53,7,12,0
8870,1984,13-11-2012,68,12,141,43,39,6,5,1
966,1966,05-07-2013,98,13,91,17,6,6,11,0
4767,1965,07-04-2014,41,114,254,132,152,6,7,0
9725,1966,05-06-2014,16,0,3,0,0,1,2,0
4475,1949,16-02-2013,82,22,780,145,0,7,9,0
5740,1970,14-02-2013,1,2,12,7,5,1,2,1
5731,1983,05-04-2013,64,0,13,2,0,1,3,0
7290,1985,05-10-2012,68,44,534,17,0,3,12,0
3846,1974,29-08-2012,98,5,53,0,5,6,4,0
8104,1951,09-08-2013,32,0,12,0,0,5,5,0
4507,1952,27-11-2012,87,28,491,30,14,6,8,0
11013,1987,31-03-2013,84,28,282,184,54,2,6,0
4491,1949,01-10-2012,3,0,45,0,0,3,10,0
3759,1958,25-07-2013,34,19,181,12,0,7,11,0
1162,1987,10-01-2013,23,83,267,85,59,5,11,1
2055,1973,19-05-2014,37,0,8,4,2,1,2,0
10766,1964,11-04-2014,22,19,69,12,0,4,8,0
4415,1961,12-09-2012,19,4,4,3,3,1,3,0
3005,1992,01-05-2014,7,117,678,134,44,4,8,1
2223,1965,03-08-2012,52,33,249,64,116,8,8,0
4817,1956,04-08-2012,91,2,7,0,4,1,2,0
2875,1978,04-03-2014,93,44,382,11,8,3,13,0
10536,1971,25-05-2014,78,0,15,2,1,3,3,0
11112,1966,03-12-2012,23,114,279,82,76,5,8,0
3807,1955,30-11-2012,83,21,176,19,21,9,9,0
9197,1953,24-02-2014,92,0,5,2,0,2,3,0
10832,1958,18-07-2013,4,10,30,4,10,6,6,0
6421,1961,03-07-2013,32,178,555,77,138,4,9,0
4207,1981,01-05-2013,27,44,107,58,44,6,11,0
577,1976,20-08-2013,10,1,7,0,3,1,3,0
10855,1968,22-01-2014,9,14,77,19,10,4,8,0
3081,1978,22-04-2013,65,2,6,2,0,1,2,0
3535,1965,17-03-2014,68,108,334,65,92,4,5,0
247,1971,17-11-2012,16,10,125,21,13,7,4,1
8707,1956,22-08-2012,12,42,548,64,83,5,4,1
9523,1982,17-08-2013,95,0,8,2,0,0,3,0
6072,1970,02-02-2013,16,57,842,99,38,5,6,1
6295,1977,04-02-2013,46,8,158,21,0,11,5,0
10914,1970,12-10-2013,3,1,7,2,1,1,3,0
1509,1958,04-01-2013,80,27,103,106,54,9,4,1
5577,1983,03-05-2014,77,0,9,2,1,1,2,0
7348,1958,17-03-2014,0,130,411,240,32,4,5,1
1127,1973,29-05-2014,62,19,843,25,95,6,7,0
1833,1974,26-04-2014,91,8,18,19,8,2,4,0
4944,1959,23-08-2013,24,23,389,42,21,4,7,0
9080,1972,22-06-2013,2,4,22,3,3,3,3,0
6466,1965,12-03-2014,22,0,9,2,1,2,4,0
9964,1979,07-08-2013,56,50,100,55,30,4,8,0
4790,1958,02-06-2014,54,8,216,21,16,4,5,0
10245,1986,31-10-2012,71,80,369,67,39,3,8,0
1109,1982,23-04-2013,38,0,5,0,0,1,2,0
6001,1979,02-01-2013,62,35,160,58,35,5,10,0
5538,1975,08-10-2013,78,161,430,186,161,4,6,1
10552,1979,20-05-2013,18,54,109,80,9,4,7,0
1545,1986,02-08-2013,95,19,206,25,19,7,5,0
7409,1970,26-10-2013,66,2,30,7,7,4,6,0
4444,1972,24-03-2014,28,0,16,7,6,2,3,0
146,1960,15-11-2013,78,53,400,17,93,4,11,0
6271,1952,19-06-2014,13,0,8,0,0,2,3,0
10065,1970,03-08-2013,27,4,13,15,8,2,4,0
4741,1974,30-01-2014,17,32,70,21,32,6,9,0
246,1965,31-05-2014,71,9,57,20,21,4,7,0
375,1954,25-02-2013,79,56,449,86,33,2,11,0
1524,1983,01-03-2013,1,45,115,30,160,8,5,1
10022,1973,09-02-2014,78,0,4,0,0,1,2,0
7451,1960,17-02-2014,23,19,711,125,115,4,9,0
11010,1984,30-08-2013,75,3,18,3,1,3,3,0
4356,1971,28-08-2013,70,28,140,0,14,3,5,0
3885,1983,16-10-2013,10,2,18,3,0,1,2,1
1175,1983,20-09-2013,24,39,54,64,28,3,3,1
880,1966,16-01-2013,47,23,11,8,6,2,2,0
2320,1978,12-09-2013,98,11,59,23,5,11,6,0
850,1968,06-10-2013,4,28,215,84,28,6,9,0
4713,1979,22-11-2012,15,0,42,2,1,2,4,0
675,1973,17-05-2013,67,0,93,7,13,4,5,0
5025,1979,24-12-2013,32,17,23,43,20,2,4,0
2308,1954,18-11-2012,40,5,137,26,23,6,5,0
5995,1962,18-12-2012,54,3,147,4,24,6,5,1
6749,1966,08-08-2012,78,47,494,82,47,5,6,0
1010,1977,24-04-2014,94,0,17,3,1,1,3,0
8977,1985,12-01-2013,51,3,4,2,3,0,3,0
4756,1952,20-12-2013,42,29,818,0,33,7,11,1
3412,1951,15-01-2013,67,8,53,11,0,2,9,0
606,1967,10-10-2013,87,1,2,2,0,1,2,0
5961,1978,07-06-2014,29,4,20,6,3,1,3,0
2975,1976,12-11-2012,89,42,864,219,30,6,9,0
2894,1985,29-10-2013,74,138,750,0,19,7,8,1
7613,1974,24-05-2014,97,5,107,11,8,5,6,0
10542,1968,05-08-2012,63,4,34,2,4,3,3,0
8015,1962,03-05-2013,88,76,395,116,0,4,9,1
10617,1989,22-05-2014,34,4,10,2,2,3,3,0
11166,1961,02-02-2013,81,5,56,3,2,6,4,0
849,1953,20-06-2013,65,48,133,39,72,6,10,0
523,1989,31-01-2013,51,0,26,7,15,2,4,0
4066,1978,11-05-2014,76,5,8,4,8,2,2,0
8414,1962,17-08-2013,76,0,12,0,0,2,4,0
819,1945,05-11-2013,84,124,249,50,38,6,13,0
4961,1974,21-01-2014,56,0,25,2,2,2,4,0
749,1981,19-11-2013,31,7,59,2,4,3,3,1
5430,1956,14-09-2012,0,0,171,8,19,9,8,0
7755,1954,12-11-2013,91,3,39,0,0,9,4,0
10525,1986,13-10-2012,40,0,8,0,0,1,2,1
1453,1943,06-07-2013,59,40,183,52,20,9,13,0
8310,1964,29-08-2012,96,126,196,91,112,10,7,0
10710,1979,29-08-2012,61,2,3,3,0,1,2,0
5031,1974,22-09-2012,14,35,731,39,137,5,11,1
2613,1960,03-04-2014,16,6,37,6,13,1,6,0
213,1963,28-05-2014,98,0,11,0,0,2,3,0
967,1976,21-07-2013,11,9,112,19,14,5,9,1
1077,1974,05-12-2012,52,105,239,237,172,7,4,0
7959,1961,29-05-2014,19,80,483,123,13,3,5,0
640,1951,11-03-2013,61,80,329,138,17,7,10,0
4252,1965,23-03-2014,73,5,28,7,7,4,6,0
8432,1956,14-09-2012,0,0,171,8,19,9,8,0
6218,1965,20-10-2012,74,4,29,0,0,8,7,0
6905,1994,22-08-2012,55,45,604,34,26,6,10,0
5922,1974,13-10-2013,48,0,6,0,0,4,5,0
3598,1972,23-05-2013,53,35,83,7,29,4,12,0
6116,1968,05-07-2013,13,13,18,10,7,1,3,0
6263,1968,22-08-2012,34,9,37,12,7,2,4,0
10486,1948,29-05-2013,54,75,162,29,151,4,8,0
2410,1969,22-01-2014,69,40,425,158,60,3,8,0
193,1996,17-02-2014,81,0,2,3,3,1,2,0
3363,1974,17-03-2014,99,6,3,7,6,1,3,0
8278,1990,26-08-2012,3,83,547,86,99,8,5,0
10660,1957,12-01-2014,61,7,35,0,0,8,4,0
8686,1979,08-01-2013,65,23,15,0,18,2,3,0
1604,1960,13-11-2013,93,2,19,8,8,2,6,0
5907,1952,03-11-2012,24,0,8,0,0,1,2,0
10669,1981,17-05-2013,8,21,64,62,21,3,10,0
2918,1981,13-04-2013,72,5,19,0,4,2,4,0
5735,1991,13-02-2014,29,120,915,94,144,3,10,0
359,1950,13-01-2013,33,14,83,6,9,8,6,0
8387,1957,05-01-2013,68,8,76,6,0,4,5,0
1829,1961,19-01-2013,55,0,60,0,0,9,4,1
3839,1958,03-05-2013,76,12,3,21,6,2,3,0
9392,1971,08-05-2014,17,1,11,0,0,1,2,0
2292,1985,02-08-2013,94,4,8,2,0,1,3,0
10466,1965,22-08-2013,86,2,20,2,2,1,4,0
9855,1952,25-08-2013,25,0,101,0,0,6,13,0
4088,1962,06-12-2012,22,1,28,13,1,3,4,0
5231,1974,27-02-2014,15,2,7,0,2,1,3,0
590,1970,22-12-2012,35,66,549,216,66,5,4,1
8732,1969,17-11-2012,81,0,70,37,14,7,10,1
2315,1960,20-04-2014,55,0,11,17,29,1,2,0
3515,1952,17-02-2014,94,13,34,10,6,4,4,0
2245,1969,22-04-2013,50,2,51,4,2,2,4,0
6283,1968,21-04-2013,64,15,100,20,7,9,9,0
2246,1965,01-09-2013,91,12,23,29,15,2,4,0
6606,1969,31-03-2013,11,34,137,15,0,5,10,0
5545,1972,05-04-2014,72,8,259,34,35,3,5,0
7342,1961,09-09-2012,6,142,113,259,151,6,12,0
837,1977,11-09-2013,0,6,57,13,13,2,5,0
9500,1959,25-01-2013,66,104,169,102,78,9,8,0
3602,1958,31-12-2013,42,3,29,4,5,3,4,0
234,1979,10-10-2012,60,2,8,4,3,1,2,1
2995,1957,17-08-2013,64,10,689,84,10,3,9,0
1118,1956,20-02-2013,87,13,85,8,6,10,5,0
7789,1965,22-11-2013,96,100,801,21,66,6,10,0
3068,1990,29-10-2013,1,12,9,0,14,2,3,0
8955,1957,16-02-2014,54,0,4,0,0,1,2,0
945,1965,22-05-2013,53,3,25,3,2,3,4,0
5644,1957,12-10-2013,96,3,24,4,3,5,7,0
7192,1955,15-04-2013,58,73,93,95,78,2,10,0
2324,1972,27-10-2013,12,38,242,50,34,7,11,0
697,1969,12-03-2013,78,59,913,25,19,5,6,0
3439,1972,31-10-2012,64,6,39,6,13,4,5,0
1506,1975,28-06-2013,26,9,45,3,15,2,4,1
232,1965,17-07-2013,8,83,88,32,14,4,10,0
8876,1963,08-08-2012,49,0,16,0,0,3,4,0
4500,1991,06-10-2013,56,0,505,99,30,4,10,0
9739,1963,19-01-2013,55,0,22,3,1,2,2,0
10395,1986,22-08-2012,25,45,3,4,6,3,3,0
1176,1973,22-09-2013,50,6,4,3,1,1,2,0
1627,1957,26-01-2013,84,61,109,48,122,5,9,0
938,1981,30-07-2013,30,1,7,2,1,2,2,0
2740,1958,22-09-2013,81,1,16,3,2,2,4,0
257,1959,28-04-2013,74,12,180,47,12,5,9,0
4058,1955,12-10-2013,76,15,106,20,7,11,8,0
7736,1986,22-10-2012,36,7,12,2,2,2,2,1
8210,1975,15-08-2013,64,3,17,4,7,4,8,0
833,1955,30-03-2014,62,0,14,0,0,3,3,0
6230,1971,15-02-2013,53,5,59,7,1,5,4,0
7325,1986,29-06-2013,86,0,11,2,1,1,3,0
1307,1978,09-02-2014,15,5,8,8,3,3,4,0
1502,1983,21-03-2013,67,3,19,3,3,2,3,0
6211,1976,02-05-2014,47,0,9,0,1,1,3,0
843,1971,26-05-2014,47,0,280,60,147,8,11,0
4174,1956,17-04-2014,81,1,19,2,0,2,4,0
9757,1972,04-10-2013,98,15,414,99,30,5,12,0
6918,1989,04-07-2013,56,4,13,8,0,1,3,0
286,1952,29-11-2013,48,11,35,0,4,2,5,0
11086,1984,18-01-2014,18,6,2,3,6,1,3,0
1921,1967,03-10-2013,74,1,12,3,0,2,3,0
4138,1962,24-05-2014,68,106,147,54,115,5,7,0
7718,1947,20-04-2014,36,51,270,101,0,1,5,0
1291,1978,04-08-2012,90,9,121,12,12,6,4,0
6862,1971,18-05-2014,65,1,3,1,1,0,0,0
4136,1992,03-12-2012,63,17,18,8,26,3,2,0
803,1968,05-04-2013,82,0,5,0,0,0,2,0
4298,1973,24-03-2014,63,0,4,0,0,1,2,0
10833,1975,24-05-2014,55,19,133,12,0,8,13,0
9606,1965,27-08-2013,64,29,514,38,29,4,6,1
8534,1952,16-07-2013,51,28,259,12,48,6,13,0
5153,1967,22-02-2013,97,59,265,115,59,11,11,1
961,1972,12-09-2013,92,27,421,13,195,7,5,0
5011,1963,18-10-2013,51,23,123,10,23,8,4,0
6653,1970,30-07-2012,72,0,87,4,11,7,5,1
9094,1955,03-08-2012,39,15,47,20,0,7,3,1
810,1975,12-05-2014,49,81,86,168,91,4,11,0
5493,1976,19-03-2014,21,0,2,0,0,1,2,0
2147,1969,16-08-2013,91,63,946,219,189,4,11,0
5107,1973,19-05-2014,37,0,8,4,2,1,2,0
3979,1983,22-05-2013,98,17,672,23,34,6,8,1
6049,1982,05-12-2013,85,51,415,90,69,7,11,0
8147,1960,06-07-2013,40,0,11,0,0,2,3,0
1857,1952,06-03-2014,2,0,12,0,2,2,2,1
3910,1975,08-10-2013,78,161,430,186,161,4,6,1
5207,1963,24-09-2012,41,6,152,8,6,9,6,1
11114,1970,08-02-2013,94,4,9,6,8,2,3,0
5429,1948,20-08-2013,10,1,33,2,1,4,4,0
9400,1958,21-06-2014,73,26,611,44,18,6,6,0
1740,1944,07-04-2014,22,38,104,50,9,7,4,0
7488,1963,22-01-2013,30,15,186,151,38,5,13,0
195,1972,26-08-2012,21,17,52,3,19,5,4,1
635,1966,19-03-2013,51,5,64,7,0,9,7,0
7527,1968,21-11-2012,97,6,29,12,15,2,3,0
10319,1971,26-02-2013,56,12,96,16,12,3,11,0
2296,1975,16-12-2013,4,2,11,2,2,1,2,0
10637,1964,01-01-2013,77,0,27,8,30,3,3,0
2931,1978,21-09-2012,95,21,106,55,63,6,9,0
907,1975,29-11-2013,36,6,71,4,0,5,7,0
3698,1983,09-08-2012,13,185,687,145,55,4,8,1
9516,1971,18-08-2012,90,54,239,99,98,9,10,1
679,1957,20-09-2012,49,4,20,0,0,1,3,0
7384,1951,21-07-2013,18,61,204,34,26,7,7,0
5043,1951,05-11-2012,89,23,78,133,49,4,5,0
5267,1970,14-03-2013,43,2,18,2,1,1,3,0
339,1972,23-11-2012,82,0,24,6,0,9,5,1
2516,1969,08-06-2013,84,2,10,6,4,1,2,0
9010,1972,10-02-2013,80,147,842,137,42,5,10,1
378,1971,30-12-2012,68,112,151,51,72,7,10,0
4808,1956,05-09-2013,12,2,5,6,0,1,2,0
5068,1971,31-07-2013,75,1,7,2,1,2,2,0
7628,1973,18-03-2014,10,5,24,6,3,2,4,0
7128,1977,07-12-2013,91,0,5,0,1,1,2,0
2811,1963,12-04-2014,21,0,9,0,0,1,4,0
3551,1954,29-03-2014,28,1,57,19,11,2,5,0
1663,1978,25-10-2013,97,2,14,3,0,2,2,0
5543,1966,24-06-2013,49,7,114,37,21,7,11,0
1577,1946,19-02-2014,14,79,622,207,175,4,4,1
10641,1978,27-12-2012,5,5,4,13,4,2,3,0
5336,1971,04-06-2013,37,1,9,2,0,1,1,0
6024,1953,04-03-2013,62,24,790,160,45,5,5,1
1878,1985,18-02-2014,83,6,8,6,3,2,3,0
3099,1970,25-02-2013,48,5,65,3,5,5,4,0
6055,1979,01-11-2012,94,72,376,94,145,5,8,0
5841,1966,28-06-2013,61,7,155,10,0,10,8,0
3972,1976,03-04-2013,70,6,51,8,6,7,5,0
4394,1965,23-05-2014,43,29,249,38,29,5,12,0
5758,1982,14-01-2014,23,0,69,0,0,10,13,1
6658,1972,22-07-2013,37,51,154,54,10,11,12,0
4603,1960,31-01-2014,50,32,189,0,58,5,10,0
8427,1956,23-11-2012,78,14,717,210,0,7,10,0
10260,1965,26-08-2013,74,5,74,11,5,6,5,0
7143,1955,06-11-2013,14,162,209,41,162,4,10,0
8789,1989,11-01-2014,77,40,111,36,40,3,7,0
6197,1962,20-04-2013,39,0,17,0,0,3,3,0
4554,1965,01-10-2013,89,45,73,59,10,3,8,0
4937,1973,10-06-2014,62,2,20,3,2,1,3,0
1920,1972,29-07-2013,59,4,21,6,0,3,3,0
8749,1984,01-02-2014,68,2,9,4,6,1,2,0
1650,1960,22-04-2013,13,86,537,34,69,5,12,0
10377,1958,06-06-2013,37,6,97,24,12,6,5,0
9206,1968,07-01-2014,36,48,231,112,105,5,12,0
10971,1977,03-09-2012,28,8,107,7,2,7,3,1
6398,1974,29-03-2014,2,10,13,16,0,3,3,0
9212,1962,14-02-2013,17,0,235,19,14,6,13,0
7937,1982,18-04-2014,86,7,25,6,3,3,3,0
839,1975,25-09-2013,54,4,44,6,1,3,4,0
4246,1982,12-12-2013,2,11,26,4,3,1,1,0
158,1945,17-11-2013,3,53,528,98,75,8,5,1
4832,1979,07-03-2014,84,5,17,3,24,2,2,0
5621,1969,12-12-2012,8,57,100,71,15,6,5,1
1945,1962,18-09-2013,4,36,217,172,96,7,7,0
5147,1948,29-07-2013,57,70,118,182,187,4,13,0
2535,1978,18-08-2012,24,0,480,0,126,6,8,1
11039,1975,17-09-2013,51,33,54,71,30,5,4,0
9495,1982,08-05-2013,29,108,413,141,97,2,6,0
9635,1983,20-04-2014,13,2,40,4,3,3,3,0
2173,1952,16-10-2013,23,6,7,0,3,1,3,0
942,1982,08-08-2012,36,13,78,20,13,7,3,1
9386,1962,29-05-2014,88,0,21,4,6,5,6,0
5510,1977,21-11-2012,2,6,61,0,10,5,6,0
873,1949,01-10-2012,3,0,45,0,0,3,10,1
2253,1990,16-02-2013,15,0,8,23,4,1,4,0
5181,1982,20-03-2013,58,4,2,0,11,1,2,0
979,1975,20-02-2013,11,10,21,19,14,2,3,0
10390,1959,10-02-2013,27,7,4,3,4,1,3,0
4698,1983,20-06-2013,32,46,92,65,61,5,7,0
7793,1976,31-08-2013,12,7,84,0,30,10,7,0
1745,1962,03-05-2013,88,76,395,116,0,4,9,1
10590,1956,30-03-2013,91,73,573,0,29,4,10,0
5080,1993,21-10-2013,12,0,452,182,64,6,4,1
8369,1987,08-11-2012,21,2,7,4,3,0,2,0
5232,1965,27-01-2014,23,12,75,33,15,4,5,0
2407,1982,09-11-2012,10,25,459,124,29,6,7,1
3834,1962,17-03-2013,35,161,215,171,30,8,11,0
7912,1978,22-04-2013,69,15,27,0,20,3,2,0
7712,1946,28-04-2014,68,17,259,77,70,6,10,0
1065,1963,29-12-2013,85,129,984,193,37,5,5,0
7275,1971,04-10-2013,34,1,31,4,4,2,4,0
1343,1968,26-09-2012,55,24,68,38,0,8,6,0
1384,1992,23-11-2013,10,4,14,8,8,2,2,0
9967,1974,30-05-2013,30,15,196,15,11,6,7,0
6181,1950,31-07-2012,36,21,238,56,108,8,11,0
10507,1977,25-07-2013,14,7,69,0,7,2,7,0
2674,1958,04-09-2012,79,10,205,160,143,6,6,1
2698,1976,07-11-2013,52,7,108,20,0,6,5,0
3231,1973,25-11-2013,97,4,10,2,2,1,3,0
4096,1968,26-12-2013,24,19,21,16,14,4,4,0
10476,1958,13-05-2014,0,11,59,15,2,3,5,0
5948,1975,29-04-2014,96,6,52,11,8,4,5,0
9140,1960,25-12-2013,89,4,24,4,7,2,4,0
10258,1965,06-05-2013,94,0,5,0,0,1,3,0
5675,1960,04-10-2012,98,0,24,6,0,4,7,0
4743,1969,03-03-2013,72,8,167,11,8,8,11,0
8805,1960,02-12-2012,1,10,38,0,13,7,4,0
1542,1975,30-12-2013,26,0,35,4,3,4,8,0
6770,1985,20-08-2013,5,13,14,0,5,2,2,1
8773,1971,25-06-2013,22,0,18,0,0,5,6,0
10475,1970,01-04-2013,39,5,65,26,20,4,6,0
10420,1955,05-05-2014,56,14,64,2,9,4,3,0
7514,1956,03-07-2013,74,10,34,11,10,3,4,0
2902,1958,03-09-2012,87,4,12,2,2,1,3,0
4345,1964,12-01-2014,49,1,9,2,0,1,2,0
793,1973,06-10-2012,24,3,17,3,0,2,3,0
10909,1948,15-01-2014,9,24,694,51,19,5,5,0
3769,1972,02-03-2014,17,1,13,0,0,1,3,0
8702,1976,20-08-2013,10,1,7,0,3,1,3,0
4791,1980,16-12-2012,35,1,17,2,0,1,3,0
2963,1979,02-05-2014,56,93,374,104,80,8,6,0
8216,1972,11-10-2013,7,0,76,13,7,4,3,0
8140,1973,03-10-2013,51,14,29,4,2,2,4,0
10146,1972,02-03-2014,17,1,13,0,0,1,3,0
5289,1975,09-11-2012,30,4,12,15,4,1,2,0
2587,1972,15-05-2014,21,0,6,0,0,2,3,0
4405,1956,30-07-2013,2,7,115,30,0,6,12,0
8663,1974,22-05-2014,85,0,3,0,0,1,2,0
2589,1972,07-02-2014,65,3,16,8,5,2,3,0
3421,1968,21-04-2013,64,15,100,20,7,9,9,0
10490,1969,10-12-2012,11,64,79,65,0,6,4,0
4094,1961,25-08-2012,92,2,43,3,5,5,5,0
9958,1972,29-03-2014,54,14,49,0,7,9,9,0
2534,1953,21-04-2014,4,1,41,6,2,4,3,0
4188,1957,13-08-2012,53,5,39,17,0,5,4,1
6613,1970,12-10-2012,39,7,133,46,14,8,8,0
10827,1967,07-08-2012,49,3,21,4,1,3,4,0
5491,1951,11-04-2013,70,12,112,8,0,6,5,0
8402,1953,17-12-2013,40,35,222,130,35,7,8,0
8783,1950,08-09-2012,40,13,104,11,13,4,9,0
10010,1953,06-09-2012,43,2,16,2,1,3,2,1
618,1977,28-09-2012,17,7,238,69,46,7,12,0
9121,1972,20-05-2013,40,16,272,104,0,5,6,1
361,1969,18-02-2014,84,1,7,2,1,1,2,0
4310,1944,22-01-2014,25,93,520,242,40,5,5,1
2678,1990,13-02-2013,62,12,50,4,36,5,3,0
6376,1979,10-06-2013,83,56,139,51,8,4,8,0
524,1966,16-01-2013,47,23,11,8,6,2,2,0
10341,1948,23-02-2014,45,28,39,16,30,2,5,0
5654,1972,16-03-2014,34,4,10,6,4,2,3,0
4098,1973,28-01-2014,3,3,16,0,4,2,4,0
5824,1972,11-04-2014,1,0,1,0,0,1,2,0
7000,1972,13-10-2013,18,172,74,38,8,2,10,0
2561,1966,11-11-2012,45,12,253,16,12,4,12,0
5229,1969,16-02-2014,81,1,8,0,0,1,3,0
4086,1959,28-12-2012,77,1,7,23,4,1,2,0
2428,1970,04-05-2013,23,18,26,11,8,2,4,0
8254,1974,13-04-2013,48,0,2,0,0,1,2,0
2836,1972,16-09-2013,61,1,7,0,0,1,2,0
8418,1958,30-03-2014,60,10,17,8,6,2,3,0
1362,1972,04-03-2013,75,87,64,175,16,6,6,0
7152,1983,05-04-2013,64,0,13,2,0,1,3,0
10033,1973,13-02-2014,54,3,10,11,2,1,3,0
9349,1985,19-12-2013,84,21,118,110,147,6,11,0
274,1973,23-12-2013,75,3,15,2,3,2,3,0
3388,1967,30-10-2013,16,26,67,3,67,6,5,0
922,1979,04-05-2013,79,2,11,3,0,1,2,0
8588,1961,25-08-2012,92,2,43,3,5,5,5,0
2518,1986,25-01-2013,16,4,5,4,2,0,2,0
574,1964,23-04-2014,96,36,11,3,26,1,4,0
3220,1983,14-02-2013,30,12,59,19,1,3,4,0
5967,1952,18-07-2013,60,2,19,10,5,2,3,0
1183,1949,21-09-2013,11,1,4,3,2,1,2,0
6856,1979,03-09-2012,75,0,23,4,5,3,3,1
4530,1948,24-10-2012,36,19,595,180,26,3,10,1
1553,1946,27-09-2013,71,168,672,246,105,7,10,0
4682,1958,15-10-2013,88,27,102,28,48,2,8,0
8204,1971,16-12-2012,93,35,553,72,160,4,9,0
5221,1957,01-12-2012,93,8,99,11,0,10,5,0
1232,1982,25-10-2013,54,54,348,71,54,4,8,0
1927,1973,23-03-2014,41,27,159,58,8,4,5,0
5788,1972,17-02-2013,46,10,92,19,7,3,4,0
6652,1965,09-06-2014,28,151,573,98,54,3,9,0
6246,1953,13-11-2013,40,102,601,0,58,3,8,1
5975,1967,30-09-2013,82,0,17,0,0,2,3,0
6875,1965,28-08-2012,38,13,180,86,13,7,5,0
4399,1969,25-06-2014,3,81,356,106,50,4,7,0
4042,1971,13-10-2012,87,3,52,2,1,4,4,1
2157,1972,12-01-2013,49,8,16,11,5,2,4,0
10133,1970,12-02-2014,16,68,731,89,114,6,12,1
2525,1974,14-09-2012,65,64,123,116,64,5,9,1
8233,1950,26-01-2014,9,5,21,7,5,7,7,0
9483,1959,19-08-2013,24,59,177,77,5,4,8,0
2945,1955,13-04-2014,25,0,2,0,0,1,3,0
10403,1978,18-06-2014,43,13,6,7,5,3,3,0
5074,1986,08-07-2013,10,0,10,2,0,1,3,0
10524,1963,20-06-2013,29,23,95,54,41,2,5,0
4690,1953,13-02-2013,45,10,75,0,10,8,8,0
7521,1952,12-05-2013,57,31,345,75,31,4,11,0
7196,1950,08-02-2014,20,0,3,0,0,0,3,0
4406,1970,16-01-2013,29,84,352,91,56,9,8,0
9672,1970,21-12-2013,82,3,9,19,4,1,3,0
4864,1977,02-05-2013,68,7,58,13,1,4,3,0
4706,1966,27-04-2013,65,0,5,0,1,1,3,0
4070,1969,01-09-2012,99,24,553,188,0,8,4,1
25,1958,16-11-2012,9,35,422,33,12,6,7,0
3697,1954,12-02-2013,20,8,26,12,7,3,4,0
217,1956,23-11-2012,78,14,717,210,0,7,10,0
4220,1970,02-11-2013,26,0,13,0,1,2,3,0
5286,1987,28-10-2013,68,1,54,7,7,3,4,0
9559,1961,24-01-2014,79,0,60,0,0,7,13,0
2849,1979,01-04-2013,25,199,303,234,9,10,12,0
7787,1960,31-08-2012,83,28,135,10,21,5,12,0
3102,1981,16-10-2013,32,3,12,3,5,1,3,0
5868,1980,22-08-2013,49,4,9,10,5,1,3,0
8370,1976,02-08-2012,50,97,259,197,194,7,6,0
9988,1976,03-03-2013,84,25,142,65,67,6,13,0
2939,1970,22-06-2014,96,127,687,20,15,4,4,0
5529,1946,10-06-2014,56,0,30,0,0,8,5,0
9743,1955,11-01-2013,85,89,161,69,35,11,8,0
5763,1972,10-11-2013,63,17,171,39,0,6,5,0
3478,1971,24-06-2013,17,42,309,55,42,7,9,1
7494,1950,21-01-2013,11,0,40,3,2,6,4,0
1763,1988,27-07-2013,62,172,815,97,148,7,10,1
7250,1978,01-10-2013,48,35,178,15,23,7,9,0
2005,1990,11-12-2013,86,3,30,0,5,2,4,0
10770,1959,26-01-2014,73,161,295,210,85,4,13,0
6885,1977,01-12-2013,36,0,12,3,1,2,3,0
2072,1969,16-08-2012,34,10,101,13,10,4,9,1
9463,1959,13-11-2012,16,56,253,91,98,9,7,0
6318,1988,13-01-2013,48,12,385,33,89,9,13,0
4093,1975,11-02-2013,61,9,57,20,9,4,5,0
5751,1973,13-02-2014,54,3,10,11,2,1,3,0
3340,1977,17-08-2012,56,15,108,4,15,7,6,1
3594,1973,05-11-2012,74,6,91,8,6,8,9,0
3584,1955,20-08-2012,35,26,120,17,13,5,5,1
3643,1974,20-03-2014,65,8,125,11,8,4,6,0
851,1972,09-07-2013,48,5,109,21,109,5,10,0
7706,1975,07-11-2012,88,104,189,197,151,11,5,0
3967,1971,25-10-2013,19,197,170,58,152,2,13,0
10128,1958,08-06-2013,21,16,165,0,24,5,12,0
486,1988,02-02-2014,27,137,400,45,137,3,10,0
9,1975,18-08-2012,86,0,27,0,0,3,2,0
9451,1965,25-11-2012,92,76,428,99,137,10,9,0
9264,1986,27-04-2014,1,42,706,73,197,4,9,0
3865,1977,30-04-2013,14,12,10,6,13,3,2,1
2853,1980,11-03-2014,74,51,87,6,20,4,4,0
1490,1962,28-11-2012,84,0,85,10,7,10,8,0
6310,1978,09-09-2013,4,8,12,8,8,2,4,0
10380,1972,20-09-2013,50,1,40,4,3,3,3,0
3887,1970,11-11-2012,2,17,26,20,1,2,3,1
4278,1983,03-06-2013,73,111,724,49,74,10,6,1
8643,1971,26-05-2013,21,98,827,219,70,4,12,0
1998,1976,07-02-2014,82,6,21,11,4,2,3,0
10795,1973,06-05-2014,14,3,19,3,1,2,3,0
11110,1973,13-04-2013,56,1,1,0,0,0,0,0
2408,1976,20-11-2012,20,0,184,10,28,7,9,0
202,1948,05-04-2014,54,194,377,149,125,4,7,0
7998,1958,11-12-2012,77,8,17,13,0,2,2,0
830,1987,24-02-2014,5,48,560,42,176,4,4,1
3536,1960,24-03-2013,65,11,3,10,4,1,3,0
6050,1975,11-12-2012,33,43,219,19,14,6,13,0
125,1958,15-05-2013,65,7,33,3,0,5,5,0
3463,1975,14-06-2014,41,62,134,0,26,7,13,0
2804,1975,18-08-2012,86,0,27,0,0,3,2,1
3745,1988,04-09-2012,92,36,7,0,10,3,3,0
9771,1988,05-10-2012,97,20,101,24,15,5,5,0
451,1989,20-12-2013,91,0,7,2,0,1,2,0
10530,1959,07-12-2013,0,82,441,80,20,3,6,1
1079,1971,16-10-2012,59,0,76,0,0,3,9,0
8920,1967,12-01-2013,4,40,469,80,0,11,12,0
6678,1989,28-03-2014,5,4,24,4,2,3,4,0
3852,1961,08-03-2013,48,72,270,36,27,9,12,0
528,1978,29-11-2012,99,38,701,149,165,5,10,0
73,1953,26-05-2013,81,0,3,0,0,0,3,0
5589,1964,31-08-2012,95,0,115,10,7,9,10,0
10212,1986,13-01-2013,43,4,16,0,4,3,3,0
6365,1987,02-09-2013,5,12,12,25,1,2,3,0
5636,1963,09-11-2012,50,4,50,12,1,4,3,1
591,1957,20-01-2013,76,35,179,46,59,8,7,0
2217,1975,29-03-2013,46,1,2,2,1,0,3,0
2544,1951,12-10-2013,68,1,27,6,7,1,4,0
7725,1965,08-03-2014,33,26,255,35,71,4,7,0
8091,1956,02-09-2012,50,184,368,13,97,6,6,0
7321,1962,23-05-2014,85,30,415,63,33,4,4,0
5462,1974,12-08-2012,63,80,217,29,80,9,12,0
7791,1967,15-09-2013,89,1,6,0,1,1,3,0
955,1962,28-10-2012,81,2,44,6,2,4,4,1
4037,1976,14-06-2013,77,1,3,8,0,1,2,0
6642,1961,23-01-2013,50,5,22,8,9,2,4,0
2793,1976,21-07-2013,10,88,168,69,44,7,13,0
5424,1983,14-02-2013,30,12,59,19,1,3,4,0
879,1976,04-11-2013,66,0,26,0,0,7,7,0
9530,1988,01-11-2012,16,3,4,4,1,1,2,0
4828,1954,18-06-2014,12,99,278,185,121,5,5,0
10699,1985,16-06-2014,30,0,40,3,0,3,3,0
1497,1952,19-01-2013,8,11,88,15,3,6,5,0
7476,1964,02-12-2012,93,63,254,0,12,5,10,0
4390,1954,15-04-2014,14,15,171,142,23,5,12,0
10478,1950,27-09-2012,53,0,108,0,6,11,6,1
1081,1957,27-03-2013,26,9,180,12,19,6,5,0
4261,1946,24-11-2012,23,22,115,59,68,7,12,1
9916,1954,03-11-2012,92,1,14,0,0,2,3,0
5350,1991,13-02-2014,29,120,915,94,144,3,10,1
8135,1986,28-10-2013,41,4,23,7,0,1,3,0
8685,1977,17-08-2012,56,15,108,4,15,7,6,1
4967,1960,29-03-2013,19,0,23,0,0,5,5,0
2130,1982,23-03-2014,4,3,67,10,8,3,3,1
9298,1947,28-04-2014,89,0,465,46,35,4,8,0
8175,1992,21-06-2013,71,4,66,3,10,2,4,0
6257,1976,23-01-2013,81,43,134,37,14,7,7,0
3790,1956,23-01-2014,31,1,5,0,0,1,2,0
9952,1947,11-12-2013,53,32,639,13,43,4,5,0
3503,1950,02-12-2013,78,47,573,52,32,5,6,0
5223,1966,23-04-2014,80,8,10,2,10,2,3,0
4608,1987,25-02-2014,18,23,424,27,65,3,13,1
1626,1973,19-05-2014,37,0,8,4,2,1,2,1
4764,1952,19-08-2012,52,12,52,25,22,3,4,1
2471,1965,27-06-2014,39,58,68,16,66,3,6,0
5892,1980,10-04-2013,11,6,45,8,2,3,5,0
2612,1987,24-12-2013,33,160,625,63,32,7,12,0
4971,1962,06-12-2012,22,1,28,13,1,3,4,0
5185,1955,14-02-2013,83,66,315,97,174,4,5,0
10069,1988,31-08-2012,43,7,5,2,15,2,2,0
2262,1965,26-08-2013,74,5,74,11,5,6,5,0
1131,1967,05-04-2014,54,0,3,0,0,2,4,0
1041,1973,18-10-2012,3,3,50,4,3,7,6,1
24,1960,15-02-2014,96,2,19,0,2,3,4,0
3409,1984,15-10-2013,68,8,129,3,11,7,4,0
7022,1971,28-09-2012,2,107,309,140,80,2,13,0
7943,1975,25-04-2014,40,0,6,3,3,1,3,0
5272,1965,27-06-2013,64,0,88,19,4,8,3,0
5453,1956,26-09-2012,26,108,649,253,151,4,12,0
2565,1955,01-06-2013,69,12,215,16,12,4,10,0
800,1960,30-08-2013,57,1,6,0,0,1,3,0
11092,1961,02-03-2014,78,1,21,2,2,2,3,0
5062,1963,27-07-2013,71,0,4,0,0,2,2,0
8969,1977,16-01-2013,59,31,422,0,112,5,11,0
4656,1990,30-03-2013,28,32,230,34,32,10,4,0
4480,1973,09-03-2014,61,3,15,4,3,7,5,0
9971,1964,11-04-2014,22,19,69,12,0,4,8,0
6729,1988,10-08-2012,95,19,832,75,118,4,11,0
1773,1978,04-12-2012,38,6,15,11,7,2,3,0
9242,1990,17-08-2013,19,185,575,24,25,6,9,1
1764,1975,09-08-2013,92,2,128,23,7,5,5,0
6215,1977,29-12-2013,24,0,10,3,1,1,2,1
10099,1984,05-10-2013,21,115,215,169,69,5,13,0
5423,1983,27-10-2013,35,0,5,2,1,1,2,0
940,1987,18-05-2014,9,11,99,15,11,3,7,0
3011,1965,27-01-2014,23,12,75,33,15,4,5,0
3298,1956,08-11-2012,92,0,76,12,9,9,9,0
8286,1965,20-08-2013,55,1,17,0,1,3,4,0
9668,1971,12-01-2013,14,16,20,0,17,2,4,0
5120,1982,25-09-2012,78,96,447,220,96,5,6,0
6097,1959,16-01-2013,64,8,104,6,4,8,6,0
7019,1963,23-01-2013,49,18,16,24,26,3,5,0
7408,1952,03-03-2014,8,2,6,0,0,5,4,0
8041,1971,08-09-2012,35,71,153,120,112,3,10,0
252,1963,17-03-2013,11,133,142,71,44,6,8,0
9986,1982,22-02-2014,8,0,23,3,2,4,2,1
3276,1976,25-10-2013,53,12,35,3,5,3,3,0
3859,1947,31-08-2013,36,112,420,0,82,9,13,0
3570,1969,21-10-2013,64,2,51,6,2,4,5,0
3783,1959,24-03-2014,43,0,10,0,1,2,4,0
10207,1978,19-06-2013,40,1,8,0,0,1,2,0
10906,1948,08-10-2013,52,15,69,15,19,4,4,0
3427,1955,12-04-2013,11,0,70,0,0,11,7,0
5209,1954,17-06-2013,21,5,71,21,16,8,7,0
10711,1945,02-10-2013,23,77,373,111,23,3,12,0
10785,1969,19-06-2014,17,1,10,2,0,2,3,0
2814,1976,27-06-2013,6,1,5,4,5,1,3,0
6866,1969,23-03-2014,56,0,14,2,3,1,3,0
1665,1964,23-09-2013,71,0,61,0,15,2,6,1
6575,1981,27-10-2012,51,48,214,13,32,9,7,0
3829,1979,10-12-2013,94,3,6,10,0,1,3,0
3091,1981,02-05-2014,27,21,134,258,14,7,8,0
10141,1960,10-05-2013,1,1,6,0,3,0,3,0
5177,1974,12-12-2013,56,7,68,4,0,6,6,0
7005,1981,16-06-2014,71,35,179,28,7,5,12,0
6409,1967,18-05-2013,18,140,599,34,12,7,7,1
7485,1950,07-05-2014,48,4,32,17,2,2,4,0
8079,1982,26-02-2014,86,1,8,23,2,2,3,0
8395,1961,20-08-2012,48,37,265,35,163,3,12,1
10352,1963,07-09-2012,2,4,28,6,3,3,2,1
4931,1977,29-04-2013,13,0,1725,2,1,0,0,0
13,1947,22-07-2013,57,0,5,0,0,1,3,0
1834,1978,08-03-2014,77,5,23,4,1,2,3,0
2285,1954,28-05-2013,0,9,76,4,3,5,5,0
2295,1954,02-02-2014,57,30,92,80,46,5,13,0
1378,1972,24-07-2013,24,16,160,84,16,7,6,0
2781,1981,23-06-2014,55,34,536,134,51,4,6,1
1165,1958,02-05-2013,62,13,143,45,4,6,7,0
1404,1968,15-05-2013,89,23,82,33,0,5,3,0
6457,1976,29-05-2014,77,24,230,32,24,6,12,0
2639,1966,10-01-2014,45,5,12,10,3,3,2,0
8299,1989,11-09-2013,46,2,15,8,0,1,3,0
6437,1985,19-06-2013,80,8,20,15,3,2,3,0
6912,1967,20-08-2013,60,30,91,29,22,6,12,0
7327,1959,29-12-2013,71,5,3,10,1,1,4,0
5299,1970,19-11-2013,43,107,199,39,30,7,13,0
4127,1967,22-02-2013,97,59,265,115,59,11,11,1
8143,1985,30-07-2013,49,2,46,3,2,4,5,1
1964,1951,05-09-2013,66,107,768,33,196,5,6,0
3690,1986,11-01-2013,20,102,673,52,40,7,10,1
3433,1955,03-06-2013,54,22,323,104,35,6,6,0
3389,1970,22-11-2012,61,53,363,123,107,8,13,0
4712,1991,28-11-2012,18,8,22,24,11,1,4,0
1170,1975,25-03-2013,45,15,110,39,15,5,4,0
6347,1979,27-06-2013,26,1,4,11,9,1,3,0
4065,1976,12-02-2013,0,0,73,0,0,5,8,0
8230,1980,23-01-2014,28,2,31,7,4,2,3,0
1215,1978,08-10-2013,49,117,499,76,102,5,7,0
5939,1971,17-01-2014,84,5,28,7,6,3,3,0
2156,1955,03-11-2012,38,0,10,0,0,2,4,0
7788,1983,04-06-2014,53,0,3,0,0,0,3,0
10323,1952,25-10-2013,88,7,41,3,2,4,5,0
7947,1969,25-03-2014,99,0,8,0,1,1,3,0
1891,1980,08-08-2012,12,50,850,21,83,4,5,1
2570,1968,23-07-2013,35,7,61,10,0,10,7,1
9256,1971,04-01-2013,5,26,206,116,80,8,12,0
295,1989,19-07-2013,77,70,324,146,40,3,11,0
7397,1951,19-07-2013,45,5,82,7,0,7,9,0
6349,1987,06-07-2013,71,73,414,78,48,8,6,0
10790,1985,19-02-2013,40,0,5,0,0,1,2,0
10398,1981,27-08-2012,82,6,2,8,2,1,2,0
2431,1990,31-12-2012,70,4,19,12,6,2,3,0
550,1952,23-05-2013,87,131,217,85,6,3,13,0
1890,1971,19-09-2012,95,1,4,2,0,1,2,0
10742,1983,27-02-2013,72,21,127,26,20,4,5,0
10356,1957,22-09-2012,5,0,2,0,0,1,3,0
4676,1951,05-03-2014,86,91,520,258,107,9,8,0
8852,1976,31-08-2012,80,126,342,0,45,8,11,0
3565,1955,30-03-2014,62,0,14,0,0,3,3,0
5294,1989,20-11-2013,49,8,19,16,4,3,4,0
1958,1973,21-03-2014,85,0,65,0,0,8,9,0
7349,1973,02-10-2012,7,17,16,6,16,3,3,1
8799,1984,23-09-2013,6,6,69,2,3,3,4,0
1351,1956,20-09-2012,25,12,194,16,24,7,13,0
1045,1965,16-08-2012,55,10,107,30,0,5,4,0
7732,1978,02-01-2014,81,0,124,179,97,7,10,0
8070,1973,01-03-2014,98,12,31,3,12,3,5,0
477,1986,17-06-2014,31,61,835,80,20,4,10,1
7832,1959,28-08-2013,30,44,396,0,88,8,7,1
2202,1978,09-04-2013,98,2,11,2,3,1,4,0
7396,1966,10-11-2012,92,51,936,207,35,5,12,0
4055,1992,29-05-2014,41,10,11,12,9,3,3,0
10340,1984,13-11-2012,68,12,141,43,39,6,5,0
10091,1956,20-05-2013,78,20,367,39,81,6,6,0
7629,1977,08-05-2014,46,3,9,6,2,2,3,0
10640,1974,05-09-2013,71,5,71,7,12,4,4,0
3498,1976,25-11-2012,6,61,184,10,53,7,9,1
6742,1979,13-01-2013,82,2,1,3,1,1,2,0
1172,1983,01-05-2013,71,44,935,29,25,7,12,1
569,1991,14-12-2013,32,129,853,120,74,5,7,1
4686,1962,02-04-2014,28,31,558,62,95,6,13,0
1381,1982,28-01-2014,20,3,115,16,0,6,5,1
2634,1979,18-04-2014,10,7,31,15,4,2,3,1
10905,1955,29-10-2012,7,2,56,0,0,4,6,1
1744,1965,07-01-2013,67,7,13,3,2,1,2,0
1000,1961,08-03-2013,48,72,270,36,27,9,12,0
3828,1951,17-02-2013,61,10,217,198,174,7,13,0
8605,1964,23-03-2014,36,0,14,0,0,2,3,0
10304,1959,28-12-2012,77,1,7,23,4,1,2,0
4351,1955,27-04-2013,90,2,10,0,0,1,2,0
10129,1966,12-03-2014,35,147,509,104,107,3,12,0
2499,1958,06-05-2013,38,97,97,21,118,5,10,0
10092,1954,18-02-2013,46,0,250,153,14,7,5,0
7500,1967,24-04-2014,33,16,223,21,43,8,8,0
5796,1963,26-11-2013,70,21,442,29,44,4,13,0
10556,1959,24-05-2014,51,13,131,32,3,6,6,0
1064,1971,11-12-2013,18,1,11,0,5,1,3,0
48,1964,24-04-2014,97,1,12,0,3,4,3,0
7610,1983,18-04-2013,32,0,86,10,23,6,5,0
263,1945,28-05-2014,9,19,29,2,14,3,3,1
10814,1947,16-01-2013,6,23,751,82,26,6,13,1
9710,1969,20-01-2013,80,7,62,0,0,11,7,0
9292,1952,26-10-2012,74,132,693,27,118,4,7,0
10250,1947,20-11-2012,49,5,3,7,4,1,2,0
7881,1946,28-09-2013,21,26,195,34,17,6,13,0
5847,1969,29-05-2013,95,21,206,102,92,7,10,0
737,1949,03-03-2013,56,86,454,112,43,4,5,0
3571,1961,16-10-2012,48,21,118,13,10,8,5,1
7807,1974,12-09-2012,26,0,106,49,10,5,5,0
3878,1980,27-02-2014,3,4,7,15,8,1,3,0
5092,1949,12-02-2013,39,0,47,6,0,7,7,1
2154,1971,25-12-2012,33,0,12,7,3,2,3,0
5394,1979,17-03-2013,42,9,4,7,8,1,4,0
3798,1968,06-11-2013,80,2,23,0,8,2,3,0
3524,1971,04-08-2013,9,1,60,4,6,5,2,1
5247,1955,10-05-2014,52,0,6,2,1,1,4,0
5883,1972,26-05-2013,78,120,204,16,126,7,7,0
2118,1964,10-09-2013,68,75,96,119,107,7,8,0
8812,1979,10-03-2013,45,3,8,8,0,2,3,0
6616,1975,23-10-2013,47,3,85,71,66,3,8,0
2797,1977,20-08-2013,34,20,171,65,60,9,9,0
4328,1986,07-09-2013,81,1,7,17,14,2,3,0
9167,1956,26-03-2013,72,71,250,93,35,9,12,0
10560,1980,16-06-2014,23,1,2,0,0,1,3,0
2631,1982,08-05-2013,29,108,413,141,97,2,6,0
8312,1961,15-06-2014,80,9,7,2,14,2,3,0
5534,1975,20-10-2013,30,1,26,2,0,3,3,0
5093,1974,18-09-2012,15,3,30,10,7,3,3,1
7592,1946,18-04-2013,86,9,63,2,9,4,4,0
8895,1985,05-10-2012,68,44,534,17,0,3,12,0
8584,1952,08-06-2013,54,53,462,168,53,2,7,0
2694,1967,18-03-2014,44,0,3,0,0,1,3,0
8910,1955,29-10-2012,7,2,56,0,0,4,6,1
7433,1985,29-08-2012,87,4,68,7,5,3,4,0
164,1977,13-10-2012,59,0,46,3,2,5,5,0
10477,1973,06-08-2013,16,0,18,0,0,3,2,0
2681,1984,01-08-2013,1,22,112,138,89,2,13,0
5150,1979,17-12-2012,64,4,7,11,10,2,3,0
5283,1976,17-02-2014,72,1,21,0,4,2,4,0
9645,1968,14-10-2012,98,138,168,36,46,9,10,0
10678,1959,28-11-2013,91,17,170,34,26,11,10,0
7261,1971,01-01-2013,8,33,60,8,3,5,5,1
9648,1967,03-11-2012,20,4,56,0,9,5,4,0
2870,1973,21-09-2012,6,0,38,11,8,6,6,0
8008,1983,09-12-2013,54,0,30,12,1,2,4,0
1513,1979,28-08-2012,72,21,128,223,150,2,12,0
6173,1979,02-11-2013,46,115,292,23,35,6,11,0
1419,1950,05-08-2013,11,6,15,12,8,2,3,0
9150,1963,12-04-2014,21,0,9,0,0,1,4,0
7960,1962,15-08-2013,89,22,350,151,25,3,13,0
1250,1976,07-02-2014,82,6,21,11,4,2,3,0
9905,1952,13-07-2013,69,1,41,10,1,3,3,0
10691,1960,14-06-2013,55,0,10,0,2,1,2,0
7002,1955,03-10-2013,13,48,90,0,45,3,8,0
2952,1977,16-04-2014,80,3,30,3,2,3,3,0
8439,1964,06-06-2014,97,26,70,11,44,6,4,0
762,1981,02-05-2014,27,21,134,258,14,7,8,0
2831,1976,27-06-2014,99,38,279,188,38,7,10,0
6977,1974,14-10-2012,87,0,629,145,37,10,13,0
6289,1951,28-04-2013,85,0,10,0,4,3,4,0
4168,1966,20-03-2013,30,7,137,4,15,5,8,1
8397,1951,10-01-2014,82,0,5,0,0,1,2,0
9284,1958,08-06-2013,21,16,165,0,24,5,12,0
6237,1966,07-12-2013,92,4,33,5,2,23,1,0
3130,1964,04-06-2013,95,4,2,10,6,2,4,0
1619,1956,28-04-2014,2,51,981,224,23,4,6,1
1990,1974,05-11-2012,74,34,586,89,86,3,8,0
5513,1966,04-10-2012,49,2,10,0,0,1,3,0
269,1963,16-11-2012,71,30,163,0,51,4,7,0
8093,1969,28-06-2014,72,8,232,23,62,4,6,0
10513,1992,20-01-2013,68,169,565,91,169,2,6,0
10177,1954,14-02-2013,4,69,300,150,138,5,8,0
2549,1983,21-07-2013,80,0,9,0,0,1,3,0
5782,1982,28-09-2013,15,35,106,101,77,9,9,0
10057,1951,19-07-2013,70,27,419,90,139,5,9,1
10307,1956,31-08-2013,91,9,87,12,14,6,8,0
8566,1961,15-06-2014,10,0,3,0,0,1,2,0
2415,1962,07-04-2014,99,17,398,80,35,5,5,0
5684,1971,11-10-2013,25,0,9,0,0,2,3,0
8334,1971,04-10-2013,34,1,31,4,4,2,4,0
9166,1968,09-08-2013,57,84,141,73,35,4,12,0
1440,1978,04-09-2012,84,17,241,104,188,9,9,0
78,1969,15-09-2013,51,0,11,0,2,1,2,0
5441,1965,25-08-2013,97,6,54,8,3,5,6,0
5302,1986,15-02-2013,13,27,697,216,24,4,5,1
4687,1958,23-05-2013,92,92,736,39,0,3,9,0
1087,1975,22-05-2013,30,14,36,37,22,4,2,1
6859,1987,08-10-2013,30,4,24,16,9,4,3,0
9860,1959,15-03-2013,11,0,22,2,1,4,4,0
7129,1962,17-02-2013,72,17,142,23,26,6,13,0
5866,1974,20-03-2014,39,3,66,12,7,4,4,0
10521,1977,11-09-2013,0,6,57,13,13,2,5,1
7393,1978,10-12-2012,15,5,24,4,0,2,3,0
7849,1970,09-09-2013,12,19,456,160,142,2,13,0
332,1957,22-03-2013,56,2,43,0,12,4,6,0
9847,1955,03-08-2012,39,15,47,20,0,7,3,0
531,1954,22-09-2012,55,14,397,76,58,8,9,1
9576,1982,11-02-2013,60,4,56,2,4,4,4,0
6906,1953,03-06-2013,73,48,602,63,72,3,4,1
7419,1968,23-04-2014,90,3,19,0,2,2,3,0
3170,1957,31-08-2013,86,66,408,37,57,4,6,0
8527,1965,07-12-2013,37,7,119,4,15,6,6,0
7872,1975,12-09-2012,7,21,273,0,21,6,6,1
9931,1963,23-06-2014,29,0,1,1,1,0,0,0
10595,1990,08-07-2013,19,6,28,13,4,2,3,0
4609,1966,11-01-2014,14,0,53,6,4,8,6,0
5010,1988,02-02-2014,72,8,8,6,1,1,3,0
4427,1995,18-09-2012,56,27,590,38,107,5,12,1
11148,1975,19-05-2013,85,1,4,3,1,1,2,0
1168,1978,29-10-2012,62,53,899,34,40,4,10,0
9595,1961,11-01-2013,1,169,816,20,0,4,4,1
10163,1984,10-09-2013,28,50,420,65,38,8,7,1
2886,1971,12-08-2013,70,0,72,0,12,10,10,0
6710,1951,17-11-2012,84,1,13,3,5,2,4,0
5316,1976,04-07-2013,89,4,18,6,2,2,4,0
9029,1972,26-01-2013,73,44,603,95,58,2,12,0
521,1985,18-09-2012,42,77,203,6,24,8,7,0
1459,1966,07-11-2012,16,35,124,69,8,5,5,0
10241,1975,15-12-2013,16,0,0,6,2,1,2,0
1630,1979,07-08-2013,56,50,100,55,30,4,8,0
3254,1971,14-10-2013,65,70,239,103,88,5,4,0
9064,1982,09-11-2012,10,25,459,124,29,6,7,1
3678,1973,07-10-2012,13,23,71,15,0,8,7,1
4227,1968,06-09-2013,78,0,13,4,2,2,3,0
9467,1984,11-05-2014,51,2,10,3,0,1,3,0
8486,1971,01-10-2012,27,0,52,8,3,9,4,0
2186,1977,10-03-2014,30,142,754,159,81,5,6,1
3286,1967,01-03-2014,71,2,15,2,2,2,3,0
8602,1964,12-06-2013,97,172,153,150,105,7,11,0
3722,1972,16-04-2014,83,1,8,0,0,2,3,0
6715,1948,02-01-2013,3,19,132,0,6,6,11,0
4796,1952,19-04-2014,71,10,3,3,5,1,3,0
9612,1987,07-02-2014,3,8,6,4,8,1,3,0
3766,1959,16-08-2012,15,71,243,108,94,9,8,1
1399,1958,21-01-2014,52,114,445,181,165,3,9,0
1570,1951,19-02-2013,8,9,240,50,19,7,10,0
3426,1975,15-07-2013,89,61,338,60,46,5,13,0
3074,1984,15-10-2012,66,107,304,23,143,5,4,1
8341,1969,30-04-2014,22,0,6,0,1,1,2,1
5180,1968,18-04-2014,56,0,16,0,1,4,4,0
6461,1969,19-05-2013,74,49,157,43,8,5,11,0
7679,1985,19-05-2014,48,3,12,6,1,1,3,0
10702,1984,03-11-2012,67,8,133,56,56,7,7,0
7505,1957,19-01-2014,24,1,9,0,0,1,2,0
5113,1971,07-11-2013,67,100,835,65,83,5,5,1
10858,1975,09-09-2013,38,30,177,90,138,9,7,0
2961,1982,26-02-2013,86,10,110,54,6,6,4,0
2747,1988,31-08-2012,90,134,768,150,38,4,5,0
3010,1989,02-05-2014,87,153,612,99,95,4,8,0
5790,1985,27-01-2013,62,6,16,20,0,2,3,0
6892,1968,03-06-2014,23,7,56,0,0,10,6,0
1743,1974,26-05-2014,99,86,208,177,14,2,5,0
3578,1949,20-10-2013,29,21,43,25,10,3,6,0
8462,1978,09-09-2012,52,4,10,29,0,1,2,0
5558,1954,31-03-2014,90,31,430,62,63,4,4,0
4619,1945,28-05-2014,9,2,3,1,262,27,0,0
8780,1950,13-06-2013,71,14,68,19,14,3,8,0
10789,1964,23-02-2013,13,1,18,3,0,2,3,0
10779,1983,13-04-2014,16,5,14,0,4,1,3,0
5896,1987,18-03-2014,94,7,80,20,7,4,6,0
2337,1971,24-10-2013,77,1,24,2,1,3,3,0
10951,1968,25-01-2014,20,0,18,0,0,3,8,0
544,1954,11-05-2013,51,61,265,138,61,3,6,0
17,1971,06-09-2013,81,47,237,12,19,6,7,0
10680,1986,05-02-2014,71,0,16,2,1,3,3,0
3265,1959,19-03-2013,36,1,9,7,3,1,3,0
5623,1980,26-09-2013,95,4,13,0,0,1,2,0
5832,1960,20-04-2014,32,183,352,184,23,3,13,0
5544,1970,10-11-2012,32,40,175,158,53,7,5,0
6417,1971,14-10-2012,85,138,430,60,92,4,13,0
5831,1967,22-08-2012,93,50,500,65,50,5,5,1
7101,1963,25-01-2013,24,0,71,0,0,10,10,0
10176,1968,24-08-2012,44,0,120,0,0,4,8,1
2326,1990,16-02-2013,15,0,8,23,4,1,4,0
4385,1981,31-05-2013,82,0,15,0,2,3,3,0
2929,1976,20-02-2013,27,42,24,15,20,2,4,0
10686,1965,26-12-2012,72,0,4,0,0,1,2,0
2546,1977,22-06-2014,7,4,5,10,5,1,4,0
3283,1972,19-01-2014,57,193,100,46,185,6,12,0
3138,1956,20-10-2012,84,27,119,71,108,7,6,1
4994,1943,01-10-2013,53,33,281,129,66,7,13,0
7966,1959,08-01-2013,48,137,401,104,22,11,11,0
3112,1977,05-09-2013,2,4,9,0,4,1,3,0
10872,1969,23-11-2012,65,0,45,0,0,4,11,0
2181,1970,23-06-2013,45,61,753,40,46,3,7,0
1867,1957,13-11-2012,42,48,350,94,84,9,6,1
1518,1965,17-06-2013,29,6,157,25,91,9,7,0
5734,1974,20-11-2013,83,4,36,2,2,2,4,0
2878,1947,28-09-2013,93,31,127,8,17,4,7,0
1458,1982,07-01-2014,40,3,19,3,3,3,3,0
7007,1968,01-04-2014,47,3,18,3,4,3,2,0
6200,1951,08-04-2013,50,108,185,130,38,6,9,0
1403,1975,06-09-2012,40,4,15,3,5,1,3,0
4827,1956,10-03-2013,3,22,202,39,30,4,9,1
6250,1949,19-11-2012,62,15,30,20,0,11,8,1
9291,1959,23-03-2014,25,2,4,0,0,0,3,0
2478,1973,31-08-2013,48,2,4,13,13,1,4,0
1139,1984,06-02-2014,56,14,322,0,14,5,5,1
5138,1950,14-01-2013,68,1,14,3,2,1,3,0
5393,1977,07-08-2012,64,0,6,6,2,1,3,0
10413,1984,25-04-2014,67,83,216,151,141,4,12,0
5015,1976,14-09-2012,94,6,38,3,6,2,3,0
10868,1951,06-02-2013,82,45,654,104,11,3,10,0
10676,1982,02-11-2012,3,193,459,205,26,3,7,1
2495,1974,20-06-2014,24,38,350,111,85,4,10,0
7842,1968,31-03-2013,54,7,34,10,2,3,3,0
9955,1954,12-02-2013,20,8,26,12,7,3,4,0
6663,1940,08-07-2013,96,0,7,0,0,3,4,0
2162,1976,18-09-2013,19,34,103,90,29,3,10,0
3434,1951,12-05-2014,60,72,567,94,12,4,10,0
7919,1976,13-08-2012,2,105,653,28,21,10,8,1
5626,1964,23-11-2013,13,4,89,11,8,4,9,0
6428,1950,03-05-2014,37,10,345,84,54,1,7,0
8514,1976,17-01-2014,59,0,7,3,1,1,3,0
10448,1956,22-10-2012,55,41,86,45,6,5,5,0
2109,1990,23-04-2013,60,71,951,40,17,6,10,1
7530,1950,07-05-2014,48,4,32,17,2,2,4,0
8925,1965,03-07-2013,38,53,98,81,179,8,10,0
3009,1962,09-07-2013,8,16,128,0,0,5,6,1
6355,1978,17-06-2014,19,0,14,7,3,2,4,0
3517,1952,06-05-2013,32,4,44,10,10,3,3,1
1158,1966,05-01-2014,27,1,15,2,0,3,4,0
6203,1947,24-08-2013,58,149,815,173,49,6,12,0
7165,1972,22-10-2013,59,35,172,56,86,8,10,0
3595,1963,28-02-2014,29,43,239,128,76,6,12,0
8537,1949,27-02-2013,60,80,553,123,94,3,7,1
4331,1978,23-01-2014,41,26,376,17,26,3,11,0
6281,1966,14-02-2013,27,0,199,37,47,6,5,0
4338,1983,25-03-2014,28,0,9,0,0,1,3,0
2452,1971,01-01-2013,8,33,60,8,3,5,5,1
9507,1975,07-04-2013,18,23,73,4,23,6,5,0
8360,1971,07-11-2013,76,16,37,7,9,3,5,0
10311,1969,05-10-2013,0,4,12,2,4,25,0,0
5117,1963,02-08-2012,32,151,137,153,19,4,8,0
4867,1968,20-09-2013,2,0,18,2,0,3,4,0
9289,1979,10-04-2014,16,1,17,0,3,2,2,1
10913,1984,05-12-2012,56,2,12,0,1,1,2,1
3032,1984,27-02-2013,97,34,62,11,14,4,4,0
8524,1974,18-09-2012,15,3,30,10,7,3,3,1
3334,1951,12-02-2014,35,143,797,106,143,5,9,0
4470,1962,10-06-2013,3,1,44,6,5,2,4,0
1406,1975,12-02-2013,49,7,81,20,0,6,5,0
8619,1957,24-12-2012,4,0,6,3,1,0,3,0
10821,1978,06-02-2013,45,4,33,0,2,4,5,0
4552,1991,22-06-2013,37,2,101,64,26,3,3,0
898,1986,21-10-2013,39,15,54,3,8,3,4,0
9797,1956,13-04-2014,38,19,130,4,11,3,8,0
10949,1963,16-12-2013,8,37,592,145,37,5,8,1
8212,1971,28-03-2013,89,15,27,13,13,3,4,0
6248,1947,17-10-2013,47,24,746,94,29,9,11,1
10164,1958,03-04-2014,75,33,417,108,100,5,5,0
4547,1960,17-04-2013,86,2,9,2,1,1,3,0
6815,1980,23-05-2014,4,21,125,52,101,7,8,1
4122,1975,29-08-2012,73,23,117,179,28,6,4,1
10841,1975,25-12-2012,46,22,133,41,31,4,8,0
5370,1973,16-01-2013,38,3,141,0,7,7,6,0
176,1980,02-01-2014,73,38,67,33,36,4,6,0
4860,1970,08-03-2013,66,2,8,3,2,1,3,0
10757,1967,24-12-2013,36,2,5,2,0,1,2,0
4023,1970,06-09-2012,29,17,19,20,21,3,2,1
6679,1966,12-06-2014,29,3,3,0,0,0,3,0
9923,1972,18-09-2013,6,0,16,0,0,2,4,0
7181,1977,07-11-2013,97,0,13,2,0,2,3,0
3599,1970,26-11-2012,61,80,428,208,93,8,8,0
405,1964,13-02-2013,68,0,31,4,0,5,3,0
6870,1959,17-09-2013,73,2,49,17,13,3,7,0
832,1966,02-03-2014,90,14,113,10,14,8,10,0
2002,1958,20-05-2013,81,51,932,180,34,5,5,0
3657,1986,14-02-2013,1,1,33,13,12,4,4,0
500,1977,06-08-2013,79,43,735,40,194,7,9,1
1951,1981,27-01-2013,92,122,122,208,129,11,8,0
3262,1958,07-08-2012,31,112,417,42,48,2,13,1
4102,1975,29-03-2013,46,1,2,2,1,0,3,0
7042,1983,01-03-2013,14,3,14,15,21,2,2,1
10598,1967,15-04-2013,89,1,16,4,1,2,3,0
255,1951,30-03-2014,31,0,2,0,0,1,3,0
2375,1972,25-09-2012,75,0,5,0,3,0,3,0
9829,1978,12-02-2014,42,4,17,12,10,2,4,0
6214,1982,05-04-2013,53,10,29,4,7,2,3,0
4954,1956,21-01-2014,53,27,68,52,7,4,5,0
7861,1952,05-02-2014,23,57,242,45,0,8,6,0
4837,1965,16-02-2013,57,43,226,69,10,8,13,0
9423,1979,23-02-2014,49,3,17,7,3,2,4,0
4198,1965,12-03-2013,6,1,3,0,4,0,3,0
153,1953,17-10-2013,29,3,6,4,2,1,3,0
9323,1949,07-09-2012,5,8,223,32,49,10,7,1
10001,1985,01-08-2012,98,17,17,13,14,2,3,0
3945,1947,10-03-2013,80,44,215,0,17,11,4,1
3799,1955,26-11-2013,4,35,322,46,7,7,11,0
8625,1976,12-11-2013,70,1,23,0,5,3,3,0
3491,1975,29-04-2013,32,60,364,119,101,11,8,0
983,1984,28-09-2013,82,29,92,28,10,6,3,0
9119,1950,05-12-2013,27,17,76,36,17,3,7,0
4786,1977,04-10-2012,94,82,257,93,61,10,12,0
5872,1951,01-06-2013,23,90,216,63,6,4,10,0
6568,1984,28-03-2013,97,0,36,15,5,2,3,0
5628,1982,08-02-2013,25,154,323,201,61,10,10,0
5631,1991,02-05-2013,92,47,197,55,42,5,8,0
4974,1970,25-09-2012,98,89,650,16,102,4,9,0
8416,1981,29-11-2013,19,6,15,10,5,2,3,0
5454,1979,01-12-2013,80,0,7,3,0,2,3,0
4095,1971,11-09-2012,80,37,64,49,34,4,6,0
5474,1970,30-11-2013,79,7,99,4,25,4,4,0
4268,1959,09-06-2014,50,0,21,0,1,3,4,0
10701,1973,11-09-2013,60,0,264,120,80,7,12,0
3507,1970,17-08-2012,44,161,426,210,44,2,5,1
2079,1947,27-12-2013,0,26,535,73,98,5,10,0
626,1951,09-03-2013,28,2,12,0,2,1,3,0
4426,1975,22-09-2013,35,4,51,6,4,7,6,0
2591,1959,22-06-2014,49,35,214,69,53,6,4,0
10509,1955,02-06-2014,46,0,16,0,0,3,3,0
6382,1953,26-06-2014,97,0,11,3,0,1,3,0
6673,1965,19-03-2013,51,6,27,12,17,3,3,0
7441,1973,06-10-2012,80,159,447,20,0,2,12,0
1071,1976,21-07-2013,10,88,168,69,44,7,13,0
10061,1950,05-01-2013,29,17,143,0,8,9,12,0
7187,1969,18-05-2013,52,42,48,94,66,4,4,0
8775,1969,27-12-2013,74,0,56,20,8,3,3,0
1612,1981,31-05-2013,82,0,15,0,2,3,3,0
2345,1982,25-10-2013,54,54,348,71,54,4,8,0
322,1978,12-01-2013,93,1,11,0,0,2,3,0
10897,1974,12-08-2012,63,80,217,29,80,9,12,0
123,1951,06-01-2013,92,35,133,23,151,4,4,0
6103,1948,06-09-2013,40,15,15,17,6,2,3,0
7899,1952,29-10-2012,70,33,332,21,33,4,4,0
10500,1984,05-04-2014,96,1,20,16,14,3,4,0
1655,1979,19-10-2013,81,3,15,2,1,1,3,0
2406,1949,05-08-2013,63,4,94,12,9,6,8,0
2712,1956,25-12-2013,85,178,178,103,39,6,10,0
5517,1969,15-09-2013,51,0,11,0,2,1,2,0
10643,1987,10-01-2013,23,83,267,85,59,5,11,1
2254,1983,07-07-2013,95,120,414,121,80,9,5,0
10281,1970,07-02-2014,11,60,241,13,54,5,7,1
6958,1977,05-07-2013,42,0,4,0,0,1,2,0
954,1960,27-03-2014,77,3,24,34,7,2,3,0
5079,1971,03-03-2013,82,1,16,0,0,2,3,0
10339,1954,23-06-2013,83,0,22,0,0,4,4,0
4643,1973,26-08-2012,40,26,46,38,9,3,4,0
3117,1955,18-10-2013,95,0,21,12,6,6,5,0
6497,1960,07-11-2012,32,6,23,13,6,6,5,0
5396,1988,13-01-2013,48,12,385,33,89,9,13,0
5250,1943,30-10-2013,75,126,490,164,126,5,11,1
1052,1969,16-02-2013,24,38,161,62,47,8,7,0
2802,1992,15-12-2012,61,25,607,67,17,4,7,0
6343,1959,31-03-2014,6,73,380,114,73,6,7,0
6507,1980,04-10-2013,16,11,15,2,0,1,4,0
7901,1971,06-11-2013,39,1,5,2,1,0,3,0
4865,1974,31-08-2013,2,7,140,10,3,5,8,1
2686,1969,21-10-2013,49,1,4,15,1,1,2,0
3107,1976,02-05-2014,31,24,124,24,15,4,7,0
7734,1993,19-12-2012,58,102,125,212,61,4,7,1
1146,1949,07-09-2012,5,8,223,32,49,10,7,1
11031,1950,21-05-2013,90,1,10,2,0,1,3,0
7428,1975,30-09-2013,47,132,445,250,192,3,8,0
975,1956,28-05-2013,25,4,26,8,4,4,5,0
1103,1976,29-09-2012,60,55,278,49,0,4,10,1
3422,1975,29-11-2012,67,12,128,33,12,2,4,0
1055,1976,20-03-2014,40,0,8,2,0,1,3,0
6544,1949,22-05-2014,63,0,356,63,28,6,11,0
1241,1984,17-09-2012,1,3,8,7,4,1,3,1
2909,1974,19-02-2014,89,24,230,16,24,8,6,0
5802,1972,28-02-2013,40,7,11,16,12,2,4,0
1407,1986,29-10-2012,5,12,5,3,16,2,3,0
6183,1962,10-06-2013,3,1,44,6,5,2,4,0
340,1970,15-12-2012,1,35,179,0,0,7,8,1
5991,1949,08-06-2013,24,2,39,3,2,5,4,0
3104,1961,17-09-2012,89,59,968,51,79,5,12,1
9729,1955,02-06-2013,48,10,253,56,43,8,7,0
1008,1981,21-12-2012,31,17,133,11,8,7,13,0
11091,1953,16-05-2014,68,2,9,2,0,1,3,0
3969,1974,01-11-2013,46,4,17,7,6,2,2,0
1916,1954,24-07-2013,92,3,180,20,3,7,6,0
9907,1969,04-12-2013,80,28,152,25,9,6,10,0
87,1981,26-08-2013,16,7,5,26,2,2,3,0
8659,1952,21-01-2014,50,71,174,13,10,6,11,0
6262,1962,10-04-2013,93,42,450,55,56,3,8,0
6147,1971,18-10-2012,51,2,8,2,2,0,2,0
8832,1976,12-09-2012,24,5,56,12,8,3,4,0
10067,1976,10-08-2013,79,0,4,0,0,1,2,0
7532,1980,30-08-2012,26,2,11,4,0,3,4,0
4915,1956,03-08-2012,86,72,98,136,21,5,12,0
2115,1957,20-06-2014,68,0,10,0,0,1,4,0
2088,1972,04-10-2013,98,15,414,99,30,5,12,0
2493,1966,02-08-2013,34,0,107,19,9,7,8,0
6292,1986,30-03-2013,60,0,359,46,89,4,10,1
1631,1965,03-09-2012,3,63,292,0,25,8,7,1
10104,1974,03-11-2013,65,0,2,0,0,1,2,0
3006,1976,22-04-2013,83,0,14,7,3,1,3,0
3919,1976,11-03-2013,64,0,883,50,38,5,8,1
11181,1949,29-08-2013,85,1,2,1,1,0,0,0
642,1980,14-08-2012,69,3,2,20,30,2,2,0
4369,1957,10-01-2014,48,67,500,199,0,3,6,0
10127,1965,06-04-2014,21,11,61,4,7,8,4,0
271,1969,02-10-2013,30,0,50,6,11,3,3,0
4973,1970,11-05-2014,39,3,6,4,1,1,2,0
2948,1954,01-03-2014,76,12,48,4,12,2,5,0
2715,1966,06-08-2012,11,3,37,4,2,3,2,1
10432,1974,30-01-2014,26,0,9,3,6,1,3,0
9216,1971,23-01-2014,34,2,11,3,1,2,3,0
7124,1968,01-02-2013,72,4,12,8,0,2,4,0
9727,1957,28-02-2014,13,24,11,16,1,2,4,0
5136,1973,17-01-2014,58,7,92,0,15,9,8,0
9790,1957,23-11-2013,12,72,170,47,36,11,4,1
1818,1971,25-03-2014,23,0,8,0,1,2,2,0
1100,1960,24-03-2014,33,4,22,0,2,3,3,0
7873,1973,06-07-2013,30,11,114,15,14,4,7,0
10609,1962,12-10-2013,15,0,13,3,1,1,4,0
6950,1958,15-12-2013,25,1,16,0,1,2,3,0
7233,1972,17-09-2012,4,32,849,229,48,5,6,0
9481,1976,28-01-2014,80,9,11,13,10,3,3,0
7699,1969,02-10-2013,30,0,50,6,11,3,3,0
2711,1976,27-06-2013,6,1,5,4,5,1,3,0
8933,1983,12-05-2014,16,3,23,4,7,2,4,0
8726,1964,29-04-2014,57,8,44,10,10,3,4,0
1515,1975,22-01-2014,9,2,7,4,2,1,3,0
5186,1955,12-03-2014,59,7,115,19,7,7,9,0
10157,1965,25-01-2014,78,15,89,34,42,4,6,0
5667,1964,11-10-2012,90,30,399,60,46,9,4,1
902,1980,04-03-2014,74,12,48,4,12,6,4,0
977,1957,01-08-2013,10,19,111,50,15,5,8,0
7313,1949,03-06-2013,63,73,614,133,102,6,11,0
7600,1992,28-10-2013,13,3,3,8,1,1,3,0
9706,1974,24-06-2013,98,1,20,4,0,2,3,0
2429,1954,14-02-2013,4,69,300,150,138,5,8,0
3520,1990,27-03-2013,94,28,818,0,28,4,7,1
10394,1984,23-12-2013,91,144,133,94,192,4,5,0
4548,1981,23-11-2013,66,4,10,0,2,1,3,0
9362,1965,05-03-2014,14,5,32,13,5,9,7,0
3968,1970,28-06-2013,77,10,129,13,0,11,12,1
4084,1975,17-01-2014,41,155,155,192,93,6,11,0
6721,1951,29-07-2013,21,19,286,50,38,6,5,0
2829,1955,10-03-2014,25,0,70,0,7,9,8,0
1772,1975,11-01-2013,2,37,518,193,92,5,7,1
1544,1967,22-12-2012,51,68,689,224,68,4,10,0
492,1973,18-10-2012,3,3,50,4,3,7,6,0
4377,1971,07-01-2013,32,10,44,30,10,7,3,0
4541,1955,24-10-2013,84,6,82,6,6,3,6,0
1321,1974,04-11-2013,49,2,18,0,2,3,3,0
8858,1972,07-03-2013,69,0,21,0,0,8,7,0
3266,1964,23-04-2014,96,36,11,3,26,1,4,0
11187,1978,20-05-2013,23,8,10,12,14,2,3,0
8207,1957,18-03-2014,18,0,9,3,0,1,3,0
9723,1960,10-01-2013,8,142,217,62,9,7,13,0
2666,1972,06-02-2014,21,50,167,130,0,8,11,0
5721,1956,11-05-2014,60,76,749,59,45,7,6,0
10652,1957,10-01-2014,48,67,500,199,0,3,6,0
1646,1972,16-03-2014,36,9,12,11,2,1,3,0
4418,1983,25-02-2013,36,47,655,145,111,7,12,1
2656,1971,21-02-2013,63,1,7,0,4,1,2,0
7990,1947,02-08-2012,2,1,2,3,2,0,3,0
8722,1957,06-11-2012,38,54,845,202,133,7,10,1
7118,1957,01-08-2012,61,80,363,52,26,9,6,1
2980,1952,22-03-2013,52,0,13,4,2,3,3,0
1839,1974,21-04-2014,25,7,48,10,2,3,4,0
10722,1973,21-08-2013,63,8,124,11,4,6,3,0
2632,1954,18-06-2013,10,0,38,13,0,5,4,1
9014,1975,26-06-2014,65,1,16,2,0,3,3,0
7620,1990,05-08-2013,71,11,16,21,8,2,2,0
10968,1969,23-11-2012,0,21,300,65,8,8,6,0
11133,1973,18-10-2012,3,3,50,4,3,7,6,1
2736,1978,02-01-2013,88,124,156,71,78,5,11,0
1876,1990,16-02-2013,15,0,8,23,4,1,4,0
5959,1968,15-10-2012,80,0,23,0,0,3,5,0
1092,1980,11-08-2012,17,129,495,182,43,9,4,0
4333,1954,23-03-2014,76,0,10,0,0,2,3,0
3850,1963,07-12-2012,52,3,3,15,4,1,3,0
6168,1963,15-07-2013,28,0,5,0,0,1,2,0
607,1955,13-02-2013,31,29,131,32,0,8,7,0
10469,1981,05-02-2014,42,71,860,93,27,6,9,0
6983,1950,01-05-2014,24,2,17,2,1,2,3,0
3661,1995,12-10-2012,42,51,631,72,55,4,8,0
9303,1976,30-07-2013,12,4,7,1,3,1,0,0
692,1954,20-12-2012,88,2,5,0,0,1,2,0
736,1983,21-03-2013,67,3,19,3,3,2,3,0
9589,1948,05-04-2014,54,194,377,149,125,4,7,0
4838,1978,19-06-2013,40,1,8,0,0,1,2,0
9246,1985,14-10-2012,73,3,129,26,24,6,6,0
6261,1979,26-11-2013,81,31,88,11,48,3,10,0
7366,1982,04-07-2013,12,26,538,69,13,3,11,1
10659,1979,07-05-2013,7,8,11,3,8,3,2,0
1448,1963,25-06-2014,33,12,12,0,3,2,4,0
4286,1970,09-01-2014,24,6,58,8,0,7,6,0
4749,1968,26-09-2012,55,24,68,38,0,8,6,0
4478,1979,24-03-2013,87,5,106,15,17,11,6,0
4201,1962,03-03-2013,39,7,137,4,0,4,8,0
8720,1978,12-08-2012,53,2,1607,12,4,0,1,0
10084,1972,18-05-2014,9,2,8,20,0,2,2,0
7004,1984,16-03-2013,82,3,26,7,1,3,2,0
9817,1970,21-08-2012,71,10,143,13,10,9,12,0
8080,1986,17-08-2012,50,1,6,3,4,0,3,0
9432,1977,02-06-2013,23,14,18,8,1,3,3,0
8372,1974,01-07-2013,81,3,7,6,2,1,2,0
10870,1967,13-06-2013,46,43,182,42,118,9,4,0
4001,1946,10-06-2014,56,0,30,0,0,8,5,0
7270,1981,25-01-2014,91,48,217,32,12,2,13,0
8235,1956,24-01-2014,8,30,214,80,30,6,10,0
9405,1954,15-10-2012,40,3,61,2,1,3,4,1
